{"type":"FeatureCollection","features":[{"type":"Feature","properties":{"district_name":"Jashore","division_name":"Khulna"},"geometry":{"type":"MultiPolygon","coordinates":[[[[89.50090573051533,23.03325481875878],[89.56073598041198,22.984060471079417],[89.5148197421192,22.927725008414335],[89.48560031775106,22.949148353371477],[89.43829267829791,23.007864187698463],[89.3958549429061,22.93327920895878],[89.3408945970708,22.92058389342862],[89.35272150693409,22.83489051360005],[89.28871705355628,22.86186805910164],[89.24697501874466,22.835683970820686],[89.14401133287602,22.797598024230208],[89.11479190850788,22.94438761004767],[88.90886453677058,22.91899697898735],[88.89425482458653,22.95232218225402],[88.85877409499665,22.943594152827036],[88.84486008339277,23.01024455936037],[88.87755801066187,23.003103444374652],[88.88451501646381,23.037222104861954],[88.86155689731741,23.078481880334973],[88.99582710929478,23.21495652228418],[88.89008062110535,23.230825666696877],[88.89982042922807,23.278433099934972],[88.96521628376627,23.289541501023862],[88.96034637970492,23.32921436205561],[89.03339494062524,23.35063770701275],[89.0271336354035,23.3744414236318],[89.0702670713755,23.353018078674655],[89.0473089522291,23.29350878712704],[89.08000687949821,23.309377931539736],[89.13079302185234,23.2744658138318],[89.10087789690401,23.163381802942908],[89.15235973983835,23.084829538100053],[89.19758027755093,23.095144481968305],[89.2107985885746,23.07134076534926],[89.35480860867467,23.111013626381002],[89.40002914638725,23.0768949658937],[89.44246688177907,23.114187455263544],[89.44385828293946,23.054678163715923],[89.50090573051533,23.03325481875878]]],[[[89.42577006785442,23.2585966694191],[89.41950876263267,23.140371543544497],[89.35689571041526,23.133230428558782],[89.21358139089537,23.31810596096672],[89.25810622802777,23.370474137528625],[89.34367739939158,23.283987300479417],[89.36872262027855,23.30223681655402],[89.42577006785442,23.2585966694191]]]]}},{"type":"Feature","properties":{"district_name":"","division_name":""},"geometry":{"type":"MultiPolygon","coordinates":[[[[89.48560031775106,22.949148353371477],[89.5148197421192,22.927725008414335],[89.51829824502016,22.894399805147668],[89.48142611426991,22.887258690161953],[89.4605550968641,22.917410064546083],[89.48560031775106,22.949148353371477]]],[[[89.50090573051533,23.03325481875878],[89.44385828293946,23.054678163715923],[89.44246688177907,23.114187455263544],[89.40002914638725,23.0768949658937],[89.35480860867467,23.111013626381002],[89.2107985885746,23.07134076534926],[89.19758027755093,23.095144481968305],[89.15235973983835,23.084829538100053],[89.10087789690401,23.163381802942908],[89.13079302185234,23.2744658138318],[89.21358139089537,23.31810596096672],[89.35689571041526,23.133230428558782],[89.41950876263267,23.140371543544497],[89.42577006785442,23.2585966694191],[89.48003471310952,23.28478075770005],[89.59552100942166,23.204641578415924],[89.6129135239265,23.15227340185402],[89.58230269839798,23.091970653085767],[89.51760254443998,23.10228559695402],[89.54334346590714,23.062612735922272],[89.50090573051533,23.03325481875878]]],[[[90.36566155169596,23.775137320052437],[90.34409483370996,23.768789662287357],[90.340616330809,23.955252109136566],[90.25991506350654,23.971121253549263],[90.24600105190267,24.033010916758787],[90.1764309938833,24.000479170712754],[90.14721156951518,24.03380437397942],[90.17364819156253,24.108389352719104],[90.22999993855821,24.105215523836566],[90.22582573507705,24.163137900942914],[90.29817859541718,24.252005109654025],[90.34826903719112,24.16234444372228],[90.45401552538056,24.169485558707994],[90.46097253118248,24.103628609395294],[90.41992619695107,24.066336120025454],[90.4602768306023,24.01872868678736],[90.4922790572912,24.027456716214342],[90.51315007469701,23.935415678620693],[90.4595811300221,23.879873673176245],[90.47140803988539,23.847341927130216],[90.52915118804145,23.67754208191434],[90.51801997875836,23.57280572879053],[90.36079164763461,23.504568407815928],[90.33644212732783,23.59819635985085],[90.24530535132247,23.63231502033815],[90.2863516855539,23.673574795811167],[90.34548623487035,23.637075763661958],[90.39070677258293,23.649771079192117],[90.43036170565397,23.6085113037191],[90.47279944104578,23.63231502033815],[90.33783352848822,23.750540146212753],[90.3823583656206,23.752920517874657],[90.36566155169596,23.775137320052437]]],[[[89.33532899242925,25.84923449479213],[89.43620557655733,25.92461293075245],[89.4598593962839,25.999991366712766],[89.48142611426991,25.997610995050863],[89.57117148911489,25.885733526941337],[89.53012515488346,25.865897096425464],[89.51899394560036,25.805594347657212],[89.45498949222255,25.824637320952448],[89.45916369570371,25.78655137436197],[89.38820223652397,25.796866318230226],[89.33532899242925,25.84923449479213]]],[[[89.0382648446866,25.021658613669903],[89.01669812670059,25.04704924473022],[88.9408667634595,25.041495044185776],[88.92277854837445,25.165274370604827],[88.94156246403968,25.208914517739746],[88.99304430697401,25.129568795676253],[89.0271336354035,25.155752883957206],[89.16975225434318,25.131155710117525],[89.0382648446866,25.021658613669903]]],[[[88.80450944974154,23.681509368017515],[88.90121183038845,23.68865048300323],[88.9290398535962,23.620413162028626],[89.00695831857789,23.62120661924926],[88.97704319362956,23.545828183288943],[88.93530115881794,23.539480525523864],[88.94364956578026,23.499807664492117],[88.7996395456802,23.498220750050848],[88.7982481445198,23.499807664492117],[88.84346868223238,23.609304760939736],[88.78224703117534,23.63231502033815],[88.80450944974154,23.681509368017515]]],[[[88.78015992943477,23.736257916241325],[88.77389862421303,23.69975888409212],[88.70293716503328,23.66802059526672],[88.66536933370283,23.706899999077834],[88.63754131049508,23.66802059526672],[88.60066917974483,23.745779402888942],[88.56866695305592,23.7243560579318],[88.55544864203225,23.784658806700055],[88.60206058090522,23.816397095525453],[88.57562395885786,23.86241761432228],[88.66745643544341,23.869558729307993],[88.7335479905618,23.91081850478101],[88.73980929578354,23.984610026300057],[88.76902872015167,23.981436197417516],[88.72867808650044,23.996511884609582],[88.72798238592026,24.10124823773339],[88.69319735691057,24.111563181601646],[88.74607060100529,24.147268756530217],[88.7335479905618,24.194082732547677],[88.78711693523671,24.13298652655879],[88.86086119673723,24.111563181601646],[88.91999574605369,24.121084668249264],[88.92277854837445,24.021902515669897],[88.99513140871458,23.98699039796196],[89.0591358620924,23.998892256271485],[89.09879079516344,23.960012852460373],[89.09322519052189,23.88066713039688],[89.02504653366292,23.852102670454023],[88.98817440291265,23.786245721141327],[88.95756357738414,23.80925598053974],[88.91095163851116,23.78386534947942],[88.9074731356102,23.837820440482595],[88.84903428687393,23.831472782717515],[88.78015992943477,23.736257916241325]]],[[[89.61778342798786,23.387136739161956],[89.60386941638399,23.33952930592386],[89.64561145119559,23.298269530450845],[89.61778342798786,23.304617188215925],[89.56004027983178,23.320486332628626],[89.52386384966172,23.277639642714337],[89.48073041368971,23.299856444892114],[89.52664665198249,23.378408709734973],[89.48768741949165,23.43712454406196],[89.50716703573707,23.47759086231434],[89.52734235256268,23.51329643724291],[89.60456511696418,23.4744170334318],[89.61778342798786,23.387136739161956]]],[[[91.87741891245663,22.157278047177822],[91.87394040955567,22.15331076107465],[91.87324470897548,22.150930389412743],[91.8697662060745,22.158864961619095],[91.87741891245663,22.157278047177822]]],[[[91.96229438324025,22.22630882537306],[91.94281476699483,22.181875221017506],[91.93585776119289,22.175527563252427],[91.92124804900882,22.17790793491433],[91.91637814494747,22.18742942156195],[91.90385553450399,22.158071504398457],[91.8920286246407,22.158071504398457],[91.87950601419722,22.160451876060364],[91.86837480491411,22.158864961619095],[91.8697662060745,22.15331076107465],[91.87672321187644,22.14378927442703],[91.88994152290012,22.13902853110322],[91.88576731941896,22.12792013001433],[91.8697662060745,22.133474330558776],[91.86141779911217,22.142995817206394],[91.84332958402715,22.150930389412743],[91.84959088924889,22.125539758352428],[91.84959088924889,22.115224814484172],[91.81202305791844,22.20805930929846],[91.8377639793856,22.253286370874648],[91.93724916235328,22.255666742536555],[91.96229438324025,22.22630882537306]]],[[[90.98622646922864,24.030630545096884],[90.90900370482716,23.86797181486672],[90.84152074854838,23.871145643749262],[90.81230132418025,23.911611962001643],[90.74829687080243,23.887808245382594],[90.77612489401018,23.978262368534978],[90.82482393462374,23.997305341830216],[90.83247664100585,24.05126043283339],[90.87143587349671,24.02904363065561],[90.96535545182283,24.050466975612757],[90.98622646922864,24.030630545096884]]],[[[90.80882282127928,24.844717653468315],[90.7740377922696,24.763785016963553],[90.71768604527392,24.769339217507998],[90.66968270524056,24.802664420774665],[90.64881168783475,24.901846573354028],[90.6863795191652,24.96294277934292],[90.72881725455701,24.969290437108],[90.72186024875508,25.027212814214348],[90.83317234158605,24.935965233841333],[90.80882282127928,24.844717653468315]]],[[[89.06331006557356,24.53447588020006],[89.09809509458324,24.541616995185773],[89.09739939400305,24.636831861661964],[89.13775002765428,24.683645837679425],[89.1669694520224,24.6717439793699],[89.13635862649389,24.655874834957203],[89.14888123693737,24.61699543114609],[89.1899275711688,24.651114091633396],[89.22819110307944,24.57970294177625],[89.28593425123552,24.62651691779371],[89.33880749533023,24.559073054039743],[89.24697501874466,24.427359155414344],[89.28523855065532,24.42021804042863],[89.31863217850461,24.35277417667466],[89.2866299518157,24.32341625951117],[89.2441922164239,24.305166743436565],[89.19062327174899,24.35277417667466],[89.08487678355957,24.337698489482598],[89.10713920212575,24.40831618211911],[89.03965624584698,24.467825473666725],[89.06331006557356,24.53447588020006]]],[[[88.81424925786426,24.67491780825244],[88.90956023735077,24.643179519427044],[88.96312918202568,24.583670227879423],[88.96173778086529,24.548758110171487],[88.88451501646381,24.51622636412546],[88.74815770274587,24.528921679655614],[88.72867808650044,24.501944134154027],[88.68067474646709,24.633658032779426],[88.74259209810431,24.683645837679425],[88.81424925786426,24.67491780825244]]],[[[91.21719906185291,24.432119898738154],[91.25546259376357,24.37975172217625],[91.21232915779156,24.36070874888101],[91.23528727693795,24.316275144525456],[91.16989142239976,24.314688230084187],[91.15876021311665,24.28294994125879],[91.19632804444711,24.290091056244503],[91.17336992530072,24.26549388240482],[91.04257821622433,24.213125705842916],[91.03909971332335,24.290091056244503],[90.99179207387019,24.35277417667466],[91.05023092260646,24.378958264955614],[91.11980098062581,24.36388257776355],[91.21719906185291,24.432119898738154]]],[[[88.87477520834109,24.996267982609588],[88.85529559209567,24.812185907422283],[88.81146645554348,24.86455408398419],[88.72659098475987,24.807425164098476],[88.72102538011832,24.865347541204823],[88.6465854180376,24.87486902785244],[88.64310691513663,24.997061439830222],[88.87477520834109,24.996267982609588]]],[[[92.38458463541777,23.069753850907986],[92.31918878087956,23.121328570249258],[92.19813687992588,22.972158612769892],[92.18074436542103,23.10228559695402],[92.12508831900556,23.318899418187353],[92.04856125518425,23.365713394204814],[92.13691522886884,23.43077688629688],[92.07360647607122,23.647390707530214],[92.162656150336,23.739431745123866],[92.21135519094956,23.65294490807466],[92.24127031589788,23.720388771828627],[92.28927365593124,23.702139255754023],[92.27327254258678,23.64183650698577],[92.40406425166319,23.240347153344498],[92.3470168040873,23.235586410020687],[92.38458463541777,23.069753850907986]]],[[[91.87324470897548,22.36437038176354],[91.7946305434136,22.29692651800957],[91.83358977590444,22.259634028639727],[91.80019614805515,22.22630882537306],[91.74801860454062,22.366750753425443],[91.79532624399378,22.39214138448576],[91.77167242426721,22.45958524823973],[91.81689296197979,22.466726363225444],[91.84611238634793,22.402456328354017],[91.87811461303683,22.40483670001592],[91.88020171477741,22.429433873855604],[91.89063722348031,22.40642361445719],[91.87324470897548,22.36437038176354]]],[[[89.94824120357981,25.29381444034768],[89.88910665426336,25.21446871828419],[89.89675936064548,25.110525822381014],[89.84666891887154,25.15019868341276],[89.776403160272,25.153372512295302],[89.80423118347973,25.181143515017524],[89.78127306433335,25.225577119373078],[89.82092799740438,25.235892063241334],[89.79866557883818,25.295401354788954],[89.83414630842806,25.29460789756832],[89.94824120357981,25.29381444034768]]],[[[91.66105603201643,24.625723460573077],[91.73688739525753,24.597952457850855],[91.83428547648464,24.475760045873074],[91.78767353761167,24.46544510200482],[91.78767353761167,24.402761981574663],[91.64992482273333,24.405142353236567],[91.61166129082268,24.4717927597699],[91.65479472679469,24.546377738509584],[91.60818278792172,24.58605059954133],[91.66105603201643,24.59239825730641],[91.66105603201643,24.625723460573077]]],[[[89.43968407945829,23.655325279736562],[89.49742722761437,23.57915338655561],[89.5377778612656,23.536306696641326],[89.50994983805785,23.52599175277307],[89.45777229454333,23.516470266125452],[89.45290239048197,23.541860897185767],[89.33811179475003,23.56804498546672],[89.36663551853796,23.664053309163545],[89.41116035567036,23.681509368017515],[89.43968407945829,23.655325279736562]]],[[[90.09433832542047,22.3453274084683],[90.05120488944846,22.336599379041317],[90.01920266275955,22.371511496749253],[90.02755106972188,22.444509561047667],[90.06372749989194,22.465139448784175],[90.10059963064221,22.444509561047667],[90.13190615675092,22.491323537065128],[90.15138577299633,22.511159967581],[90.1882579037466,22.480215135976238],[90.09433832542047,22.3453274084683]]],[[[92.07986778129296,24.76616538862546],[92.08056348187316,24.72331869871117],[92.03116874067942,24.699514982092126],[91.96090298207986,24.7376009286826],[91.96716428730161,24.80821862131911],[91.91916094726825,24.84392419624768],[91.93933626409387,24.8875643433826],[92.00960202269341,24.916922260546094],[91.95881588033929,24.97246426599054],[92.04856125518425,25.036734300861966],[92.07291077549104,25.020071699228634],[92.12021841494419,25.08910247742387],[92.05064835692484,25.13988373954451],[92.05830106330697,25.185904258341335],[92.227356304294,25.093863220747682],[92.22039929849207,25.04863615917149],[92.1737873596191,25.05498381693657],[92.15361204279348,25.00499601203657],[92.06873657200987,24.985953038741332],[92.0214289325567,24.936758691061968],[92.01934183081613,24.8875643433826],[92.0652580691089,24.90025965891276],[92.06873657200987,24.865347541204823],[92.0986516969582,24.870901741749268],[92.07986778129296,24.76616538862546]]],[[[91.10310416670117,23.326833990393702],[91.13649779455046,23.351431164233386],[91.05997073072916,23.460928260681005],[91.11214827424368,23.460928260681005],[91.16015161427704,23.526785209993704],[91.20050224792827,23.52123100944926],[91.24920128854183,23.4902861778445],[91.29094332335343,23.351431164233386],[91.19076243980555,23.353018078674655],[91.22206896591427,23.25542284053656],[91.19841514618768,23.226858380593704],[91.11701817830505,23.26653124162545],[91.10310416670117,23.326833990393702]]],[[[89.54056066358636,22.80077185311275],[89.51273264037862,22.848379286350845],[89.53082085546366,22.869009174087353],[89.58230269839798,22.776174679273065],[89.54056066358636,22.80077185311275]]],[[[91.17754412878188,22.884084861279415],[91.21441625953214,22.937246495061956],[91.17476132646111,23.021352960449256],[91.12814938758814,23.035635190420685],[91.13997629745143,23.074514594231797],[91.07945034697458,23.07134076534926],[90.9806608645871,23.133230428558782],[91.02657710287987,23.218923808387352],[91.07736324523401,23.218923808387352],[91.08640735277652,23.169729460707988],[91.13023648932872,23.174490204031798],[91.14623760267317,23.080862251996876],[91.25894109666453,23.054678163715923],[91.25894109666453,22.887258690161953],[91.23459157635776,22.865041887984177],[91.26102819840511,22.73491490380005],[91.19424094270653,22.748403676550843],[91.13510639339007,22.792837280906397],[91.17754412878188,22.884084861279415]]],[[[90.80395291721793,24.184561245900056],[90.76568938530728,24.150442585412755],[90.79351740851502,24.10918280993974],[90.76847218762805,24.081411807217517],[90.7302086557174,24.1060089810572],[90.72603445223623,24.063955748363547],[90.63698477797146,24.074270692231803],[90.64046328087242,24.106802438277835],[90.70307633308985,24.106802438277835],[90.6766397110425,24.11553046770482],[90.68290101626424,24.244070537447676],[90.77055928936863,24.250418195212756],[90.80395291721793,24.184561245900056]]],[[[90.06511890105233,22.528616026434968],[90.05120488944846,22.550832828612748],[90.02128976450014,22.51592071090481],[90.03172527320304,22.66429721116354],[90.09712112774123,22.655569181736556],[90.11033943876491,22.60954866293973],[90.06303179931174,22.593679518527033],[90.06511890105233,22.528616026434968]]],[[[90.39348957490371,23.214163065063545],[90.35383464183268,23.134023885779417],[90.29191729019544,23.14592574408894],[90.22791283681764,23.262563955522275],[90.23278274087899,23.36174610810164],[90.26478496756789,23.379202166955608],[90.2202601304355,23.41173391300164],[90.28148178149254,23.446646030709577],[90.41644769405009,23.402212426354023],[90.40879498766796,23.36333302254291],[90.44010151377668,23.353018078674655],[90.4150562928897,23.32127978984926],[90.31278830760125,23.29906298767148],[90.39348957490371,23.214163065063545]]],[[[88.98400019943149,25.48821145940324],[88.96591198434646,25.404898451236573],[88.84138158049181,25.393790050147686],[88.81216215612368,25.410452651781018],[88.83929447875123,25.458853542239748],[88.80520515032174,25.52312357711118],[88.8629482984778,25.51042826158102],[88.90190753096864,25.563589895363556],[88.94712806868124,25.55565532315721],[88.98400019943149,25.48821145940324]]],[[[88.62223589773083,24.394033952147677],[88.66815213602361,24.37499097885244],[88.65006392093856,24.350393805012757],[88.5491873368105,24.362295663322282],[88.5923207727825,24.415457297104822],[88.62223589773083,24.394033952147677]]],[[[89.79031717187587,23.313345217642908],[89.72561701791786,23.426809600193703],[89.7207471138565,23.4744170334318],[89.75970634634734,23.50694877947783],[89.84527751771115,23.499807664492117],[89.83901621248941,23.36174610810164],[89.8835410496218,23.33556201982069],[89.82649360204593,23.347463878130213],[89.79031717187587,23.313345217642908]]],[[[89.30680526864131,24.820913936849266],[89.43411847481674,24.838369995703236],[89.4932530241332,24.728079442034982],[89.276890143693,24.693167324327046],[89.30680526864131,24.820913936849266]]],[[[92.00821062153302,21.5978907066302],[92.10143449927897,21.587575762761947],[92.08612908651472,21.551076730612742],[92.13413242654806,21.509816955139723],[92.0443870517031,21.52013189900798],[92.07917208071278,21.49315435350639],[92.06943227259006,21.424917032531788],[91.99986221457071,21.393972200927024],[91.94907607221657,21.46062260746036],[92.00194931631128,21.516164612904802],[92.02003753139633,21.4979150968302],[92.00821062153302,21.5978907066302]]],[[[90.76081948124592,23.26018358386037],[90.68290101626424,23.326040533173067],[90.66689990291978,23.341909677585768],[90.70725053657101,23.372854509190528],[90.7309043562976,23.355398450336562],[90.75177537370341,23.415701199104817],[90.77125498994883,23.44902640237148],[90.79421310909521,23.433950715179417],[90.80951852185947,23.333975105379416],[90.9145693094687,23.291921872685766],[90.87491437639767,23.243520982227036],[90.93265752455373,23.220510722828624],[90.90204669902522,23.162588345722273],[90.87421867581747,23.173696746811164],[90.76081948124592,23.26018358386037]]],[[[89.83484200900826,25.442190940606416],[89.8188408956638,25.485831087741335],[89.79518707593722,25.471548857769907],[89.77083755563044,25.671500077369906],[89.79101287245605,25.69451033676832],[89.8091010875411,25.664358962384192],[89.83345060784787,25.717520596166732],[89.88214964846142,25.61754498636673],[89.83484200900826,25.442190940606416]]],[[[91.5114804072748,23.1086332547191],[91.576876261813,22.965810955004812],[91.49756639567093,22.903127834574654],[91.50661050321345,22.983267013858782],[91.49130509044919,23.012624931022273],[91.43912754693467,23.01183147380164],[91.41686512836847,23.06419965036354],[91.38486290167957,23.175283661252433],[91.44051894809506,23.176077118473067],[91.46069426492068,23.129263142455606],[91.490609389869,23.157827602398463],[91.5114804072748,23.1086332547191]]],[[[91.48504378522745,24.96294277934292],[91.52956862235983,24.90819423111911],[91.49200079102938,24.891531629485776],[91.51426320959558,24.830435423496887],[91.38347150051918,24.835196166820698],[91.2721594076882,24.896292372809587],[91.30764013727809,24.985159581520698],[91.30068313147615,24.939932519944506],[91.33129395700466,24.92247646109054],[91.35494777673125,24.96452969378419],[91.39390700922209,24.949454006592127],[91.40782102082596,24.996267982609588],[91.46695557014242,25.015310955904823],[91.48504378522745,24.96294277934292]]],[[[91.70349376740823,24.976431552093715],[91.66592593607778,24.999441811492126],[91.6965367616063,24.997854897050857],[91.66801303781837,25.020071699228634],[91.6861012529034,25.057364188598477],[91.73480029351694,25.065298760804826],[91.70349376740823,25.1509921406334],[91.84889518866869,25.17400240003181],[91.85515649389043,25.026419356993713],[91.70349376740823,24.976431552093715]]],[[[91.17197852414033,22.706350443857193],[91.28189921581092,22.642873866206397],[91.23041737287659,22.5270291119937],[91.15041180615434,22.540517884744492],[91.1531946084751,22.500845023712746],[91.11284397482387,22.48894316540322],[91.20119794850847,22.510366510360367],[91.13788919571084,22.442922646606398],[91.08292884987556,22.48338896485878],[91.13719349513066,22.55638702915719],[91.07805894581419,22.492910451506397],[91.01753299533736,22.568288887466714],[90.98831357096923,22.63970003732386],[91.00779318721465,22.707143901077828],[90.94587583557741,22.73332798935878],[90.83665084448702,22.68651401334132],[90.78308189981212,22.813467168642905],[90.80743142011889,22.861074601881],[90.89021978916193,22.811086796981],[90.98135656516729,22.748403676550843],[91.13301929164949,22.723013045490525],[91.15876021311665,22.67857944113497],[91.17197852414033,22.706350443857193]]],[[[89.52873375372307,24.561453425701647],[89.6017823146434,24.56224688292228],[89.60804361986514,24.424185326531806],[89.55169187286945,24.438467556503234],[89.50577563457668,24.409109639339743],[89.50925413747765,24.436880642061965],[89.43342277423655,24.42497878375244],[89.45429379164236,24.478933874755615],[89.41116035567036,24.47972733197625],[89.39376784116551,24.55193193905403],[89.51968964618055,24.53606279464133],[89.52873375372307,24.561453425701647]]],[[[91.99916651399052,23.267324698846085],[92.07360647607122,23.072927679790528],[92.07986778129296,23.054678163715923],[91.96646858672142,23.00548381603656],[91.95255457511755,23.09593793918894],[91.8927243252209,23.171316375149257],[91.99916651399052,23.267324698846085]]],[[[90.69055372264637,23.063406193142907],[90.7309043562976,23.041982848185764],[90.78656040271308,23.0768949658937],[90.83038953926528,23.035635190420685],[90.75038397254302,22.98485392830005],[90.76777648704785,22.923757722311162],[90.73229575745799,22.907095120677827],[90.71490324295314,22.940420323944494],[90.72464305107586,22.903127834574654],[90.71351184179275,22.895193262368302],[90.64672458609417,22.984060471079417],[90.69055372264637,23.063406193142907]]],[[[91.9344663600325,22.657156096177825],[91.92750935423057,22.688894385003223],[92.00125361573109,22.7269803315937],[91.9796868977451,22.83330359915878],[92.11743561262342,22.957876382798464],[92.17657016193988,22.82536902695243],[92.12578401958575,22.75792516319846],[92.00473211863206,22.70476352941592],[92.09517319405722,22.648428066750842],[92.10143449927897,22.576223459673063],[92.03534294416058,22.62224397846989],[92.00612351979245,22.58653840354132],[92.0214289325567,22.50957305313973],[91.98107829890547,22.48338896485878],[91.9344663600325,22.657156096177825]]],[[[89.56769298621391,25.23668552046197],[89.6129135239265,25.171622028369903],[89.60734791928495,25.099417421292127],[89.64908995409657,25.112112736822287],[89.64769855293618,25.04704924473022],[89.59065110536031,25.044668873068318],[89.58369409955837,24.96452969378419],[89.52247244850133,24.91612880332546],[89.43968407945829,24.990713782065143],[89.45290239048197,25.055777274157208],[89.53012515488346,25.046255787509587],[89.48907882065204,25.173208942811176],[89.56769298621391,25.23668552046197]]],[[[91.08292884987556,22.05333515127465],[91.0571879284084,22.03111834909687],[91.04883952144607,22.054128608495283],[91.08292884987556,22.05333515127465]]],[[[91.03075130636104,22.083486525658774],[91.03214270752142,22.038259464082586],[90.98135656516729,22.02794452021433],[90.97857376284651,22.081899611217505],[91.03075130636104,22.083486525658774]]],[[[91.01544589359678,22.242971427006395],[91.01335879185619,22.269948972507983],[91.01962009707793,22.292959231906394],[91.01892439649774,22.33263209293814],[91.03631691100259,22.31993677740798],[91.01544589359678,22.242971427006395]]],[[[91.14067199803162,22.373098411190522],[91.18450113458381,22.365163838984174],[91.18797963748479,22.23265648313814],[91.13580209397027,22.131887416117507],[91.05788362898858,22.0795192395556],[91.00431468431368,22.113637900042903],[91.06831913769149,22.24217796978576],[91.06971053885188,22.407217071677824],[91.14067199803162,22.373098411190522]]],[[[90.98970497212962,22.391347927265127],[90.97231245762477,22.420705844428618],[90.99040067270981,22.391347927265127],[90.98970497212962,22.391347927265127]]],[[[91.012663091276,22.360403095660363],[91.0022275825731,22.463552534342906],[91.0453610185451,22.435781531620684],[91.012663091276,22.360403095660363]]],[[[90.96744255356342,22.42784695941433],[90.95074573963878,22.46434599156354],[90.97787806226633,22.465139448784175],[90.96744255356342,22.42784695941433]]],[[[90.93404892571412,22.49370390872703],[90.93196182397354,22.496877737609573],[90.97648666110594,22.522268368669888],[90.93404892571412,22.49370390872703]]],[[[88.52275071476315,26.48717410018261],[88.50744530199889,26.407034920898482],[88.48518288343269,26.460196554681023],[88.37108798828093,26.487967557403245],[88.35508687493649,26.447501239150867],[88.3314330552099,26.484793728520707],[88.40935152019159,26.633963686000072],[88.43091823817758,26.549857220612772],[88.4837914822723,26.541129191185785],[88.52275071476315,26.48717410018261]]],[[[91.33964236396699,22.526235654773064],[91.33964236396699,22.51750762534608],[91.29094332335343,22.484182422079414],[91.26589810246647,22.519887997007984],[91.31111864017905,22.60320100517465],[91.33198965758486,22.56590851580481],[91.33268535816505,22.565115058584176],[91.33894666338679,22.530202940876237],[91.33964236396699,22.526235654773064]]]]}},{"type":"Feature","properties":{"district_name":"Bogura","division_name":"Rajshahi"},"geometry":{"type":"Polygon","coordinates":[[[89.14261993171563,24.7376009286826],[89.08348538239918,24.71855795538736],[89.08835528646053,24.78441490470006],[89.05009175454988,24.79076256246514],[88.96382488260588,24.743155129227045],[88.99026150465323,24.859793340660378],[89.08974668762092,24.87486902785244],[89.1029649986446,24.97087735154927],[89.1885361700084,24.942312891606413],[89.19062327174899,24.99547452538895],[89.28036864659396,25.087515562982603],[89.33185048952829,25.123221137911173],[89.38889793710416,25.04704924473022],[89.41324745741093,25.082754819658795],[89.45290239048197,25.055777274157208],[89.43968407945829,24.990713782065143],[89.52247244850133,24.91612880332546],[89.58369409955837,24.96452969378419],[89.59065110536031,25.044668873068318],[89.64769855293618,25.04704924473022],[89.68596208484682,24.902640030574666],[89.66091686395986,24.888357800603238],[89.73048692197922,24.79869713467149],[89.71518150921496,24.777273789714346],[89.67483087556373,24.782034533038157],[89.6240447332096,24.685232752120697],[89.55447467519024,24.704275725415933],[89.54960477112888,24.617788888366725],[89.6017823146434,24.60509357283657],[89.6017823146434,24.56224688292228],[89.52873375372307,24.561453425701647],[89.51968964618055,24.53606279464133],[89.39376784116551,24.55193193905403],[89.33880749533023,24.559073054039743],[89.28593425123552,24.62651691779371],[89.22819110307944,24.57970294177625],[89.1899275711688,24.651114091633396],[89.14888123693737,24.61699543114609],[89.13635862649389,24.655874834957203],[89.1669694520224,24.6717439793699],[89.13775002765428,24.683645837679425],[89.14261993171563,24.7376009286826]],[[89.30680526864131,24.820913936849266],[89.276890143693,24.693167324327046],[89.4932530241332,24.728079442034982],[89.43411847481674,24.838369995703236],[89.30680526864131,24.820913936849266]]]}},{"type":"Feature","properties":{"district_name":"Lalmonirhat","division_name":"Rangpur"},"geometry":{"type":"MultiPolygon","coordinates":[[[[89.4598593962839,25.999991366712766],[89.43620557655733,25.92461293075245],[89.33532899242925,25.84923449479213],[89.14192423113543,25.964285791784196],[89.09322519052189,26.034110027200068],[89.09809509458324,26.145987495309594],[89.01948092902137,26.191214556885782],[89.01878522844117,26.24199581900642],[89.06261436499337,26.253897677315944],[89.05844016151221,26.293570538347687],[88.99582710929478,26.29039670946515],[88.98539160059188,26.34990600101277],[88.95617217622375,26.330069570496896],[88.95825927796433,26.361807859322294],[88.91095163851116,26.368155517087374],[88.90399463270923,26.40782837811912],[88.95547647564355,26.460196554681023],[88.99374000755421,26.412589121442927],[89.09600799284266,26.391165776485785],[89.08348538239918,26.322134998290547],[89.13566292591369,26.321341541069913],[89.10018219632383,26.27928830837626],[89.15514254215911,26.13884638032388],[89.22958250423983,26.123770693131817],[89.2546277251268,26.064261401584197],[89.34854730345293,26.010306310581022],[89.39237644000512,26.00713248169848],[89.42368296611384,26.046805342730227],[89.4598593962839,25.999991366712766]]],[[[89.14192423113543,26.26976682172864],[89.17183935608377,26.26341916396356],[89.16279524854124,26.234854704020705],[89.14192423113543,26.26976682172864]]],[[[88.92764845243582,26.33562377104134],[88.97634749304936,26.278494851155628],[88.92556135069523,26.293570538347687],[88.92764845243582,26.33562377104134]]]]}},{"type":"Feature","properties":{"district_name":"Barishal","division_name":"Barishal"},"geometry":{"type":"MultiPolygon","coordinates":[[[[90.6766397110425,22.93169229451751],[90.6870752197454,22.918203521766717],[90.6662042023396,22.943594152827036],[90.6766397110425,22.93169229451751]]],[[[90.05677049409,22.932485751738145],[90.0581618952504,22.971365155549258],[90.12634055210937,23.00548381603656],[90.13538465965189,23.049917420392113],[90.2202601304355,23.06499310758418],[90.25643656060556,22.964224040563543],[90.31974531340319,22.98168009941751],[90.31557110992202,23.053091249274654],[90.34896473777131,23.057058535377827],[90.42131759811144,23.03960247652386],[90.41714339463029,23.007070730477828],[90.40740358650758,22.99913615827148],[90.47349514162597,22.976919356093703],[90.53054258920184,22.922964265090528],[90.52915118804145,22.899160548471478],[90.47558224336655,22.865041887984177],[90.46653813582404,22.80235876755402],[90.43871011261629,22.880911032396874],[90.4380144120361,22.79442419534767],[90.4929747578714,22.78966345202386],[90.48045214742791,22.758718620419096],[90.49088765613081,22.738882189903222],[90.43036170565397,22.78172887981751],[90.50341026657429,22.710317729960366],[90.47279944104578,22.650808438412746],[90.5020188654139,22.696035499988938],[90.50897587121584,22.593679518527033],[90.47766934510713,22.57860383133497],[90.53958669674437,22.563528144142904],[90.45749402828152,22.53575714142068],[90.426883202753,22.460378705460364],[90.36427015053557,22.504018852595287],[90.33644212732783,22.468313277666713],[90.2306956391384,22.45323759047465],[90.24043544726112,22.48497587930005],[90.19034500548717,22.479421678755603],[90.31139690644086,22.57860383133497],[90.3510518395119,22.566701973025445],[90.34618193545055,22.613515949042906],[90.38444546736119,22.5952664329683],[90.34409483370996,22.629385093455603],[90.37122715633751,22.650808438412746],[90.32252811572396,22.64604769508894],[90.27522047627079,22.688894385003223],[90.25574086002537,22.752370962654016],[90.19173640664756,22.78648962314132],[90.1771266944635,22.752370962654016],[90.02755106972188,22.81743445474608],[90.01850696217936,22.871389545749256],[90.05677049409,22.932485751738145]]],[[[90.55419640892842,22.592886061306398],[90.5465437025463,22.592886061306398],[90.54236949906513,22.604787919615923],[90.55419640892842,22.592886061306398]]],[[[90.52706408630087,22.615102863484175],[90.53819529558398,22.589712232423857],[90.534716792683,22.583364574658777],[90.52845548746126,22.594472975747667],[90.5235855833999,22.57860383133497],[90.52567268514049,22.640493494544494],[90.52706408630087,22.615102863484175]]],[[[90.5249769845603,22.684133641679413],[90.52636838572069,22.642873866206397],[90.52219418223952,22.700796243312748],[90.56045771415016,22.699209328871476],[90.5249769845603,22.684133641679413]]],[[[90.58202443213617,22.803152224774653],[90.56045771415016,22.769827021507986],[90.53332539152262,22.735708361020684],[90.534716792683,22.776174679273065],[90.58202443213617,22.803152224774653]]],[[[90.6439417837734,22.83647742804132],[90.60219974896178,22.813467168642905],[90.49645326077236,22.801565310333384],[90.49714896135255,22.838857799703224],[90.48740915322983,22.796804567009573],[90.48740915322983,22.839651256923858],[90.53680389442358,22.88963906182386],[90.65159449015553,22.848379286350845],[90.6439417837734,22.83647742804132]]],[[[90.45192842363997,23.006277273257194],[90.45818972886171,23.00389690159529],[90.47349514162597,22.982473556638148],[90.41296919114913,22.99913615827148],[90.45192842363997,23.006277273257194]]],[[[90.47558224336655,23.007864187698463],[90.48949625497042,23.02214641766989],[90.51523717643758,23.031667904317512],[90.58828573735791,22.92058389342862],[90.53958669674437,22.896780176809575],[90.5340210921028,22.93010538007624],[90.48323494974868,22.974538984431796],[90.47558224336655,23.007864187698463]]],[[[90.56671901937192,23.043569762627037],[90.5889814379381,23.025320246552432],[90.58759003677771,22.9927885005064],[90.56671901937192,23.043569762627037]]],[[[90.54863080428687,23.059438907039734],[90.56532761821153,23.045156677068306],[90.5674147199521,22.993581957727034],[90.54863080428687,23.059438907039734]]],[[[90.5020188654139,22.87218300296989],[90.5235855833999,22.882497946838146],[90.48601775206946,22.845205457468303],[90.5020188654139,22.87218300296989]]],[[[90.59663414432023,22.911062406781003],[90.59663414432023,22.88329140405878],[90.56045771415016,22.895193262368302],[90.59663414432023,22.911062406781003]]],[[[90.5249769845603,22.721426131049256],[90.50758447005545,22.718252302166714],[90.48462635090907,22.75395787709529],[90.51454147585738,22.801565310333384],[90.5249769845603,22.721426131049256]]]]}},{"type":"Feature","properties":{"district_name":"Habiganj","division_name":"Sylhet"},"geometry":{"type":"Polygon","coordinates":[[[91.2192861635935,24.485281532520695],[91.15041180615434,24.478933874755615],[91.23389587577756,24.56859454068736],[91.29372612567421,24.59715900063022],[91.35355637557086,24.689993495444504],[91.42869203823177,24.682058923238156],[91.44191034925545,24.651114091633396],[91.48295668348686,24.67095052214927],[91.5761805612328,24.64555989108895],[91.57965906413378,24.67491780825244],[91.64922912215313,24.67491780825244],[91.6318366076483,24.630484203896884],[91.66105603201643,24.625723460573077],[91.66105603201643,24.59239825730641],[91.60818278792172,24.58605059954133],[91.65479472679469,24.546377738509584],[91.61166129082268,24.4717927597699],[91.61305269198307,24.250418195212756],[91.64505491867197,24.174246302031804],[91.63809791287004,24.10283515217466],[91.58592036935552,24.072683777790534],[91.37442739297667,24.10759589549847],[91.37929729703802,23.975088539652436],[91.30346593379693,23.997305341830216],[91.26172389898531,24.146475299309582],[91.31251004133944,24.182974331458787],[91.27702931174956,24.203604219195295],[91.32503265178292,24.26073313908101],[91.26728950362686,24.22344064971117],[91.17336992530072,24.26549388240482],[91.19632804444711,24.290091056244503],[91.15876021311665,24.28294994125879],[91.16989142239976,24.314688230084187],[91.23528727693795,24.316275144525456],[91.21232915779156,24.36070874888101],[91.25546259376357,24.37975172217625],[91.21719906185291,24.432119898738154],[91.24224428273989,24.427359155414344],[91.2192861635935,24.485281532520695]]]}},{"type":"Feature","properties":{"district_name":"Brahmanbaria","division_name":"Chattogram"},"geometry":{"type":"Polygon","coordinates":[[[91.24502708506066,23.908438133119105],[91.22624316939543,23.751333603433388],[91.16780432065917,23.74974668899212],[91.14902040499395,23.71166074240164],[91.2081549543104,23.686270111341326],[91.20467645140943,23.65056453641275],[91.15667311137608,23.66960750970799],[91.12745368700794,23.66802059526672],[91.03562121042239,23.79497375056831],[90.90135099844503,23.766409290625454],[90.87074017291651,23.718801857387355],[90.79908301315658,23.74657286010958],[90.78377760039231,23.68547665412069],[90.7413398650005,23.692617769106405],[90.73438285919856,23.762442004522278],[90.76429798414689,23.86241761432228],[90.84152074854838,23.871145643749262],[90.90900370482716,23.86797181486672],[90.98622646922864,24.030630545096884],[91.05370942550742,24.08458563610006],[90.98553076864845,24.152029499854027],[91.04257821622433,24.213125705842916],[91.17336992530072,24.26549388240482],[91.26728950362686,24.22344064971117],[91.32503265178292,24.26073313908101],[91.27702931174956,24.203604219195295],[91.31251004133944,24.182974331458787],[91.26172389898531,24.146475299309582],[91.30346593379693,23.997305341830216],[91.24502708506066,23.908438133119105]]]}},{"type":"Feature","properties":{"district_name":"Joypurhat","division_name":"Rajshahi"},"geometry":{"type":"Polygon","coordinates":[[[89.28036864659396,25.087515562982603],[89.19062327174899,24.99547452538895],[89.1885361700084,24.942312891606413],[89.1029649986446,24.97087735154927],[89.08974668762092,24.87486902785244],[88.99026150465323,24.859793340660378],[89.01669812670059,25.04704924473022],[89.0382648446866,25.021658613669903],[89.16975225434318,25.131155710117525],[89.0271336354035,25.155752883957206],[88.99304430697401,25.129568795676253],[88.94156246403968,25.208914517739746],[88.95617217622375,25.254935036536573],[89.00765401915807,25.267630352066732],[89.20453728335286,25.22875094825562],[89.18436196652725,25.184317343900062],[89.28036864659396,25.087515562982603]]]}},{"type":"Feature","properties":{"district_name":"Chuadanga","division_name":"Khulna"},"geometry":{"type":"MultiPolygon","coordinates":[[[[88.98817440291265,23.786245721141327],[89.01739382728078,23.708486913519103],[89.00695831857789,23.62120661924926],[88.9290398535962,23.620413162028626],[88.90121183038845,23.68865048300323],[88.80450944974154,23.681509368017515],[88.78224703117534,23.63231502033815],[88.84346868223238,23.609304760939736],[88.7982481445198,23.499807664492117],[88.74120069694393,23.479971233976244],[88.63823701107528,23.61009821816037],[88.70293716503328,23.66802059526672],[88.77389862421303,23.69975888409212],[88.78015992943477,23.736257916241325],[88.84903428687393,23.831472782717515],[88.9074731356102,23.837820440482595],[88.91095163851116,23.78386534947942],[88.95756357738414,23.80925598053974],[88.98817440291265,23.786245721141327]]],[[[88.7996395456802,23.498220750050848],[88.94364956578026,23.499807664492117],[88.93460545823774,23.41332082744291],[88.76485451667051,23.370474137528625],[88.74885340332605,23.398245140250847],[88.7996395456802,23.498220750050848]]]]}},{"type":"Feature","properties":{"district_name":"Faridpur","division_name":"Dhaka"},"geometry":{"type":"Polygon","coordinates":[[[89.73326972429999,23.29112841546513],[89.75135793938502,23.275259271052434],[89.6880491865874,23.21019577896037],[89.67065667208257,23.24431443944767],[89.63308884075211,23.237173324461956],[89.66926527092218,23.278433099934972],[89.61778342798786,23.304617188215925],[89.64561145119559,23.298269530450845],[89.60386941638399,23.33952930592386],[89.61778342798786,23.387136739161956],[89.60456511696418,23.4744170334318],[89.52734235256268,23.51329643724291],[89.50716703573707,23.47759086231434],[89.50994983805785,23.52599175277307],[89.5377778612656,23.536306696641326],[89.49742722761437,23.57915338655561],[89.54612626822791,23.56011041326037],[89.56421448331295,23.60375056039529],[89.65465555873811,23.609304760939736],[89.74161813126231,23.583120672658783],[89.7214428144367,23.672781338590532],[89.86475713395657,23.718801857387355],[89.89675936064548,23.6743682530318],[90.00737575289627,23.634695392000054],[90.04494358422671,23.62914119145561],[90.0463349853871,23.573599186011165],[90.12981905501033,23.564871156584182],[90.15834277879827,23.522024466669894],[90.18199659852485,23.498220750050848],[90.10546953470356,23.446646030709577],[90.09225122367988,23.31175830320164],[90.03381237494362,23.340322763144496],[90.0240725668209,23.287954586582593],[90.01850696217936,23.325247075952433],[89.95380680822136,23.36015919366037],[89.9607638140233,23.32921436205561],[89.92250028211265,23.3085844743191],[89.8835410496218,23.33556201982069],[89.83901621248941,23.36174610810164],[89.84527751771115,23.499807664492117],[89.75970634634734,23.50694877947783],[89.7207471138565,23.4744170334318],[89.72561701791786,23.426809600193703],[89.79031717187587,23.313345217642908],[89.73326972429999,23.29112841546513]]]}},{"type":"Feature","properties":{"district_name":"Bandarban","division_name":"Chattogram"},"geometry":{"type":"Polygon","coordinates":[[[92.52789895493764,21.379689970955596],[92.43884928067286,21.365407740984168],[92.38110613251679,21.479665580755597],[92.32823288842208,21.419362831987343],[92.26909833910562,21.428090861414326],[92.25866283040273,21.36223391210163],[92.19744117934569,21.31938722218734],[92.2183121967515,21.2321069279175],[92.17657016193988,21.184499494679404],[92.19257127528434,21.26701904562544],[92.12647972016595,21.40111331591274],[92.17865726368046,21.432058147517502],[92.20161538282684,21.390798372044486],[92.24405311821866,21.400319858692104],[92.23987891473749,21.47173100854925],[92.16891745555775,21.514577698463533],[92.1737873596191,21.600271078292106],[92.0986516969582,21.643911225427026],[92.09239039173646,21.688344829782583],[92.11604421146303,21.741506463565123],[92.15848194685485,21.73436534857941],[92.17657016193988,21.78911389680322],[92.18839707180317,21.774038209611156],[92.21205089152976,21.78673352514131],[92.18004866484084,21.847829731130204],[92.18978847296356,21.77641858127306],[92.17935296426066,21.791494268465122],[92.14804643815194,21.777212038493694],[92.1306539236471,21.800222297892105],[92.1083915050809,21.792287725685757],[92.08056348187316,21.809743784539727],[92.06038816504754,21.908132479898455],[92.11882701378381,21.93431656817941],[92.12995822306691,21.90178482213338],[92.1744830601993,21.909719394339728],[92.15917764743504,21.944631512047664],[92.21413799327033,21.97478288643179],[92.14108943235,22.091421097865126],[92.1730916590389,22.11284444282227],[92.14595933641137,22.347707780130207],[92.36023511511098,22.341360122365128],[92.46389450155984,22.254079828095286],[92.52302905087629,22.027151062993696],[92.61416582688165,21.851797017233377],[92.6092959228203,21.584401933879406],[92.68025738200004,21.28526856170004],[92.59677331237681,21.24321532900639],[92.56129258278693,21.38048342817623],[92.52789895493764,21.379689970955596]]]}},{"type":"Feature","properties":{"district_name":"Barguna","division_name":"Barishal"},"geometry":{"type":"MultiPolygon","coordinates":[[[[90.1757352933031,22.127126672793697],[90.15416857531712,22.122365929469886],[90.08598991845814,22.059682809039728],[90.05607479350981,21.978750172534966],[90.01781126159916,21.982717458638138],[89.98720043607065,22.035085635200044],[90.02894247088227,22.052541694054014],[90.07068450569388,22.160451876060364],[90.01989836333975,22.18742942156195],[90.06024899699098,22.161245333281],[90.0143327586982,22.12315938669052],[90.02268116566052,22.08110615399687],[89.97119932272619,22.027151062993696],[89.98650473549046,21.95573991313655],[89.95658961054212,21.947011883709568],[89.90093356412665,22.072378124569887],[89.90719486934839,22.158864961619095],[90.01850696217936,22.23106956869687],[90.05120488944846,22.336599379041317],[90.09433832542047,22.3453274084683],[90.1882579037466,22.480215135976238],[90.19034500548717,22.479421678755603],[90.24043544726112,22.48497587930005],[90.2306956391384,22.45323759047465],[90.1757352933031,22.324697520731792],[90.13816746197266,22.342947036806397],[90.15903847937847,22.249319084771475],[90.22513003449686,22.216787338725442],[90.24600105190267,22.262014400301634],[90.28704738613409,22.235036854800047],[90.33365932500706,22.263601314742903],[90.3719228569177,22.197744365430204],[90.27661187743118,22.03111834909687],[90.2209558310157,22.03429217797941],[90.20008481360989,22.09221455508576],[90.18686650258621,22.065237009584173],[90.21052032231279,22.03111834909687],[90.17851809562389,22.02159686244925],[90.19104070606737,21.98430437307941],[90.16042988053886,21.98747820196195],[90.14721156951518,21.97478288643179],[90.13260185733111,21.953359541474647],[90.14164596487363,21.93590348262068],[90.1332975579113,21.928762367634963],[90.11451364224608,21.925588538752425],[90.11033943876491,21.898610993250838],[90.10825233702434,21.895437164368296],[90.0901641219393,21.874013819411154],[90.02685536914169,21.8795680199556],[90.02824677030208,21.9454249692683],[90.07138020627407,21.970022143107983],[90.0901641219393,22.041433292965124],[90.15903847937847,22.114431357263538],[90.20773751999202,22.11284444282227],[90.22373863333647,22.145376188868298],[90.1757352933031,22.127126672793697]]],[[[89.88910665426336,22.158071504398457],[89.89119375600393,22.158071504398457],[89.89119375600393,22.150136932192108],[89.88910665426336,22.158071504398457]]]]}},{"type":"Feature","properties":{"district_name":"Narayanganj","division_name":"Dhaka"},"geometry":{"type":"Polygon","coordinates":[[[90.73438285919856,23.762442004522278],[90.7413398650005,23.692617769106405],[90.72186024875508,23.661672937501642],[90.63976758029224,23.6743682530318],[90.63002777216953,23.62120661924926],[90.56045771415016,23.589468330423863],[90.57645882749462,23.53392632497942],[90.51801997875836,23.57280572879053],[90.52915118804145,23.67754208191434],[90.47140803988539,23.847341927130216],[90.57089322285307,23.894949360368308],[90.6105481559241,23.88542787372069],[90.6105481559241,23.83226623993815],[90.64533318493379,23.869558729307993],[90.64811598725456,23.80132140833339],[90.69681502786811,23.82036438162863],[90.73438285919856,23.762442004522278]]]}},{"type":"Feature","properties":{"district_name":"Satkhira","division_name":"Khulna"},"geometry":{"type":"MultiPolygon","coordinates":[[[[89.24558361758429,22.640493494544494],[89.26506323382971,22.5952664329683],[89.23445240830118,22.551626285833382],[89.28523855065532,22.4770413070937],[89.24140941410312,22.437368446061953],[89.24001801294273,22.373098411190522],[89.26367183266932,22.377859154514333],[89.28176004775435,22.287405031361953],[89.31445797502344,22.283437745258777],[89.30541386748094,22.21440696706354],[89.2657589344099,22.13744161666195],[89.25741052744758,22.164419162163536],[89.26436753324951,22.11284444282227],[89.21845129495674,22.097768755630206],[89.25254062338622,22.22472191093179],[89.20453728335286,22.128713587234966],[89.2219297978577,22.172353734369885],[89.18088346362627,22.2294826542556],[89.18088346362627,22.16521261938417],[89.21984269611711,22.17156027714925],[89.19131897232919,22.133474330558776],[89.24558361758429,22.058889351819094],[89.20592868451325,22.00255388915401],[89.18714476884801,22.025564148552427],[89.15514254215911,22.038259464082586],[89.1787963618857,22.065237009584173],[89.15027263809776,22.085073440100047],[89.17740496072531,22.08110615399687],[89.19410177464995,22.118398643366714],[89.1892318705886,22.12315938669052],[89.17392645782434,22.124746301131793],[89.16905655376299,22.13109395889687],[89.16975225434318,22.145376188868298],[89.16418664970163,22.15172384663338],[89.14331563229582,22.155691132736553],[89.16070814680066,22.20805930929846],[89.13914142881467,22.164419162163536],[89.14401133287602,22.15172384663338],[89.16557805086202,22.14696310330957],[89.16975225434318,22.141408902765125],[89.1669694520224,22.130300501676235],[89.17183935608377,22.12315938669052],[89.19201467290938,22.119985557807983],[89.1787963618857,22.100942584512744],[89.17462215840453,22.081899611217505],[89.13148872243254,22.10173604173338],[89.11966181256925,22.126333215573062],[89.13775002765428,22.123952843911155],[89.14401133287602,22.130300501676235],[89.12661881837118,22.154104218295284],[89.08487678355957,22.181081763796872],[89.10713920212575,22.156484589957188],[89.12592311779099,22.150930389412743],[89.14053282997504,22.1295070444556],[89.11966181256925,22.1295070444556],[89.11548760908808,22.120779015028617],[89.14818553635718,22.077932325114332],[89.13914142881467,22.067617381246077],[89.12940162069195,22.073965039011156],[89.11896611198905,22.06999775290798],[89.10366069922479,22.04698749350957],[89.09392089110207,22.050161322392107],[89.08974668762092,22.018423033566712],[89.06748426905472,22.054128608495283],[89.08765958588033,22.054128608495283],[89.0911380887813,22.058889351819094],[89.0925294899417,22.126333215573062],[89.08696388530015,22.055715522936552],[89.05565735919143,22.06444355236354],[89.0480046528093,22.096975298409568],[89.1015735974842,22.156484589957188],[89.07165847253589,22.154104218295284],[89.07513697543685,22.194570536547666],[88.99582710929478,22.28581811692068],[89.02504653366292,22.294546146347667],[88.98539160059188,22.32628443517306],[88.99721851045517,22.469900192107986],[88.93808396113872,22.561147772481],[88.9610420802851,22.61589632070481],[88.928344153016,22.65239535285402],[88.96243348144549,22.695242042768303],[88.91095163851116,22.75792516319846],[88.96799908608703,22.845205457468303],[88.90956023735077,22.88011757517624],[88.90886453677058,22.91899697898735],[89.11479190850788,22.94438761004767],[89.14401133287602,22.797598024230208],[89.24697501874466,22.835683970820686],[89.33185048952829,22.729360703255605],[89.30054396341957,22.68334018445878],[89.26019332976834,22.718252302166714],[89.2873256523959,22.62065706402862],[89.25949762918816,22.65794955339846],[89.24558361758429,22.640493494544494]]],[[[89.24627931816448,21.689138287003217],[89.29219555645726,21.682790629238138],[89.2107985885746,21.652639254854012],[89.22401689959828,21.698659773650835],[89.24627931816448,21.689138287003217]]],[[[89.2754987425326,21.75578869353655],[89.28871705355628,21.731984976917502],[89.28036864659396,21.706594345857187],[89.23723521062196,21.695485944768297],[89.2212340972775,21.74706066410957],[89.2754987425326,21.75578869353655]]],[[[89.212189989735,21.82164564284925],[89.28176004775435,21.79308118290639],[89.2866299518157,21.754995236315917],[89.26228043150893,21.761342894080997],[89.21845129495674,21.75261486465401],[89.18436196652725,21.81688489952544],[89.212189989735,21.82164564284925]]],[[[89.27062883847125,21.817678356746075],[89.28106434717415,21.79387464012703],[89.23375670772099,21.81688489952544],[89.27062883847125,21.817678356746075]]],[[[89.10435639980498,21.78117932459687],[89.14401133287602,21.754201779095283],[89.13566292591369,21.72167003304925],[89.04522185048853,21.78673352514131],[89.0375691441064,21.92003433820798],[89.10435639980498,21.78117932459687]]],[[[89.30123966399977,21.838308244482583],[89.29706546051861,21.81847181396671],[89.28106434717415,21.83592787282068],[89.29428265819783,21.839101701703218],[89.3081966698017,21.869253076087347],[89.29080415529687,21.878774562734964],[89.32141498082538,21.916860509325442],[89.31863217850461,21.920827795428615],[89.29706546051861,21.930349282076236],[89.29010845471667,21.940664225944488],[89.30610956806112,21.997793145830205],[89.35967851273602,21.900197907692107],[89.32280638198577,21.878774562734964],[89.30123966399977,21.838308244482583]]],[[[89.18505766710744,22.02159686244925],[89.19479747523015,22.00255388915401],[89.24280081526351,21.98589128752068],[89.20453728335286,21.96208757090163],[89.2107985885746,21.935110025400043],[89.28523855065532,21.905752108236552],[89.22958250423983,21.886709134941313],[89.26923743731086,21.883535306058775],[89.26297613208912,21.83592787282068],[89.23932231236255,21.866079247204805],[89.24906212048525,21.81847181396671],[89.19410177464995,21.828786757834965],[89.2107985885746,21.91844742376671],[89.16905655376299,21.954946455915916],[89.17670926014512,21.92638199597306],[89.14261993171563,21.938283854282584],[89.16488235028183,22.020803405228616],[89.18505766710744,22.02159686244925]]],[[[89.1238360160504,22.046194036288934],[89.09739939400305,21.939870768723853],[89.09322519052189,22.04063983574449],[89.09600799284266,22.049367865171472],[89.10505210038518,22.0454005790683],[89.12870592011176,22.072378124569887],[89.13635862649389,22.066030466804808],[89.1238360160504,22.046194036288934]]],[[[89.14957693751757,22.02794452021433],[89.13914142881467,21.922414709869884],[89.20105878045189,21.912893223222266],[89.18227486478666,21.834340958379407],[89.16418664970163,21.862111961101633],[89.15931674564028,21.8636988755429],[89.15166403925815,21.861318503880995],[89.1558382427393,21.87322036219052],[89.14192423113543,21.874807276631792],[89.15444684157892,21.872426904969885],[89.14957693751757,21.866079247204805],[89.15166403925815,21.859731589439725],[89.16279524854124,21.862111961101633],[89.16557805086202,21.856557760557187],[89.16279524854124,21.849416645571473],[89.1794920624659,21.839101701703218],[89.1676651526026,21.803396126774647],[89.15166403925815,21.794668097347664],[89.09879079516344,21.8137110706429],[89.11827041140886,21.817678356746075],[89.13218442301273,21.849416645571473],[89.12801021953156,21.888296049382582],[89.11618330966827,21.81688489952544],[89.08000687949821,21.90337173657465],[89.12940162069195,21.944631512047664],[89.08418108297937,21.927175453193694],[89.11687901024847,21.950979169812744],[89.14957693751757,22.07634541067306],[89.17323075724414,22.06206318070163],[89.15096833867796,22.050161322392107],[89.14957693751757,22.02794452021433]]],[[[89.26158473092873,22.08110615399687],[89.29567405935822,22.085073440100047],[89.27758584427319,22.059682809039728],[89.30541386748094,22.000966974712743],[89.28871705355628,21.939870768723853],[89.2991525622592,21.927175453193694],[89.3193278790848,21.91844742376671],[89.29010845471667,21.880361477176233],[89.29289125703744,21.841482073365125],[89.27758584427319,21.875600733852426],[89.29428265819783,21.910512851560362],[89.26088903034854,21.94383805482703],[89.27897724543358,21.92003433820798],[89.26019332976834,21.916860509325442],[89.23166960598041,21.94939225537147],[89.26228043150893,21.966054857004806],[89.26297613208912,21.997793145830205],[89.26088903034854,21.966054857004806],[89.23027820482002,21.95018571259211],[89.23584380946157,21.941457683165122],[89.21010288799441,21.951772627033378],[89.25045352164564,21.98113054419687],[89.21914699553693,22.008108089698457],[89.2539320245466,22.060476266260363],[89.22540830075867,22.096181841188933],[89.26158473092873,22.08110615399687]]]]}},{"type":"Feature","properties":{"district_name":"Pabna","division_name":"Rajshahi"},"geometry":{"type":"Polygon","coordinates":[[[89.1572296438997,24.171072473149263],[89.2866299518157,24.32341625951117],[89.31863217850461,24.35277417667466],[89.4181173614723,24.3218293450699],[89.42437866669404,24.250418195212756],[89.4605550968641,24.26232005352228],[89.46959920440662,24.200430390312757],[89.52177674792114,24.19805001865085],[89.53290795720423,24.129812697676247],[89.7214428144367,24.013174486242914],[89.68457068368643,23.925100734752437],[89.73257402371979,23.83544006882069],[89.57186718969507,23.808462523319104],[89.46264219860468,23.842581183806406],[89.3854194342032,23.907644675898467],[89.35550430925487,23.886221330941325],[89.31097947212248,23.87511292985244],[89.27897724543358,23.9060577614572],[89.26506323382971,23.878286758734976],[89.21636419321615,23.98857731240323],[89.17740496072531,23.987783855182595],[89.17044795492338,23.95128482303339],[89.09879079516344,23.960012852460373],[89.0591358620924,23.998892256271485],[89.00695831857789,24.117910839366722],[89.02504653366292,24.169485558707994],[89.04591755106873,24.139334184323868],[89.1572296438997,24.171072473149263]]]}},{"type":"Feature","properties":{"district_name":"Netrokona","division_name":"Mymensingh"},"geometry":{"type":"Polygon","coordinates":[[[90.71768604527392,24.769339217507998],[90.7740377922696,24.763785016963553],[90.80882282127928,24.844717653468315],[90.83317234158605,24.935965233841333],[90.72186024875508,25.027212814214348],[90.72881725455701,24.969290437108],[90.6863795191652,24.96294277934292],[90.64881168783475,24.901846573354028],[90.66968270524056,24.802664420774665],[90.56393621705114,24.811392450201648],[90.58828573735791,24.84233728180641],[90.55906631298978,24.843130739027046],[90.56811042053229,24.88597742894133],[90.5354124932632,24.89073817226514],[90.54445660080572,24.936758691061968],[90.4929747578714,25.003409097595302],[90.49923606309314,25.031180100317524],[90.60498255128256,25.026419356993713],[90.61402665882507,25.17400240003181],[90.66342140001882,25.19780611665086],[90.6982064290285,25.157339798398475],[90.78029909749134,25.185904258341335],[90.8498691555107,25.157339798398475],[90.96465975124265,25.171622028369903],[90.9472672367378,25.113699651263556],[90.97439955936535,25.07402679023181],[90.92778762049238,25.077994076334985],[90.96535545182283,25.035940843641335],[90.93404892571412,25.01769132756673],[90.97300815820496,24.95818203601911],[90.95352854195954,24.919302632207998],[91.0982342626398,24.889944715044507],[91.13023648932872,24.793142934127047],[91.17058712297995,24.82726159461435],[91.14136769861182,24.724112155931806],[91.22554746881524,24.727285984814348],[91.2408528815795,24.69237386710641],[91.19493664328672,24.631277661117522],[91.13023648932872,24.64238606220641],[91.10519126844174,24.60033282951276],[91.03075130636104,24.62969074667625],[91.01822869591754,24.603506658395297],[90.81995403056237,24.5876375139826],[90.79282170793482,24.578116027334982],[90.70446773425024,24.666983236046093],[90.71768604527392,24.769339217507998]]]}},{"type":"Feature","properties":{"district_name":"Naogaon","division_name":"Rajshahi"},"geometry":{"type":"Polygon","coordinates":[[[88.99026150465323,24.859793340660378],[88.96382488260588,24.743155129227045],[89.05009175454988,24.79076256246514],[89.08835528646053,24.78441490470006],[89.08348538239918,24.71855795538736],[89.14261993171563,24.7376009286826],[89.13775002765428,24.683645837679425],[89.09739939400305,24.636831861661964],[89.09809509458324,24.541616995185773],[89.06331006557356,24.53447588020006],[88.96312918202568,24.583670227879423],[88.90956023735077,24.643179519427044],[88.81424925786426,24.67491780825244],[88.74259209810431,24.683645837679425],[88.68067474646709,24.633658032779426],[88.63267140643373,24.6217561744699],[88.61597459250908,24.70506918263657],[88.57840676117863,24.67650472269371],[88.58118956349941,24.698721524871488],[88.5053582002583,24.71855795538736],[88.45526775848437,24.75029624421276],[88.4949226915554,24.74553550088895],[88.4949226915554,24.7717195891699],[88.41213432251236,24.768545760287363],[88.44761505210224,24.825674680173076],[88.38291489814424,24.820120479628635],[88.44970215384282,24.86138025510165],[88.47474737472979,24.844717653468315],[88.49283558981482,24.924856832752443],[88.4399623457201,24.92088954664927],[88.43439674107856,24.960562407681014],[88.39543750858772,24.96452969378419],[88.45248495616359,25.036734300861966],[88.43857094455971,25.20970797496038],[88.56449274957475,25.174795857252445],[88.70432856619367,25.20812106051911],[88.80590085090193,25.170828571149272],[88.84346868223238,25.213675261063557],[88.92277854837445,25.165274370604827],[88.9408667634595,25.041495044185776],[89.01669812670059,25.04704924473022],[88.99026150465323,24.859793340660378]],[[88.87477520834109,24.996267982609588],[88.64310691513663,24.997061439830222],[88.6465854180376,24.87486902785244],[88.72102538011832,24.865347541204823],[88.72659098475987,24.807425164098476],[88.81146645554348,24.86455408398419],[88.85529559209567,24.812185907422283],[88.87477520834109,24.996267982609588]]]}},{"type":"Feature","properties":{"district_name":"Panchagarh","division_name":"Rangpur"},"geometry":{"type":"Polygon","coordinates":[[[88.55614434261243,26.180106155796896],[88.3216932470872,26.20470332963658],[88.364130982479,26.29991819611277],[88.45735486022494,26.376883546514357],[88.51857651128198,26.35149291545404],[88.50744530199889,26.407034920898482],[88.52275071476315,26.48717410018261],[88.59023367104191,26.449088153592136],[88.62293159831101,26.471304955769913],[88.62362729889121,26.434805923620708],[88.70224146445308,26.38878540482388],[88.70293716503328,26.334830313820706],[88.74537490042509,26.3483190865715],[88.74676630158548,26.322134998290547],[88.67510914182554,26.320548083849275],[88.70919847025502,26.28880979502388],[88.66815213602361,26.297537824450863],[88.66606503428302,26.262625706742927],[88.75928891202896,26.303885482215943],[88.79755244393961,26.20629024407785],[88.75789751086857,26.084891289320705],[88.77876852827438,26.062674487142928],[88.7349393917222,26.01506705390483],[88.66676073486322,26.014273596684195],[88.62641010121199,26.056326829377845],[88.63823701107528,26.107901548719116],[88.55614434261243,26.180106155796896]]]}},{"type":"Feature","properties":{"district_name":"Rangpur","division_name":"Rangpur"},"geometry":{"type":"MultiPolygon","coordinates":[[[[89.14192423113543,25.964285791784196],[89.33532899242925,25.84923449479213],[89.38820223652397,25.796866318230226],[89.45916369570371,25.78655137436197],[89.53569075952501,25.64928327519213],[89.49394872471339,25.576285210893715],[89.41255175683074,25.587393611982606],[89.40281194870803,25.53343852097943],[89.4501195881612,25.517569376566733],[89.40837755334958,25.466788114446096],[89.37776672782107,25.501700232154036],[89.24836641990505,25.52074320544927],[89.14540273403641,25.490591831065146],[89.14818553635718,25.434256368400064],[89.10435639980498,25.47392922943181],[89.1029649986446,25.56993755312864],[89.0160024261204,25.60246929917467],[88.99791421103536,25.658011304619116],[88.9394753622991,25.684988850120703],[88.9408667634595,25.734183197800068],[88.94851946984161,25.81035509098102],[89.09044238820111,25.827017692614355],[89.11618330966827,25.885733526941337],[89.09392089110207,25.936514789061974],[89.14192423113543,25.964285791784196]]],[[[88.50187969735734,25.919058730208004],[88.48448718285249,25.865897096425464],[88.4086558196114,25.86827746808737],[88.3863934010452,25.839713008144514],[88.42743973527662,25.669913162928637],[88.25977589544996,25.813528919863558],[88.34604276739397,25.97301382121118],[88.44831075268243,25.95238393347467],[88.44552795036165,25.90556995745721],[88.50187969735734,25.919058730208004]]]]}},{"type":"Feature","properties":{"district_name":"Natore","division_name":"Rajshahi"},"geometry":{"type":"Polygon","coordinates":[[[89.2866299518157,24.32341625951117],[89.1572296438997,24.171072473149263],[89.04591755106873,24.139334184323868],[89.02504653366292,24.169485558707994],[89.00695831857789,24.117910839366722],[88.91999574605369,24.121084668249264],[88.86086119673723,24.111563181601646],[88.90121183038845,24.152029499854027],[88.86086119673723,24.166311729825456],[88.87407950776091,24.23454905080006],[88.9179086443131,24.25121165243339],[88.84694718513336,24.319448973407994],[88.86155689731741,24.36388257776355],[88.89355912400633,24.36388257776355],[88.89286342342614,24.477346960314346],[88.928344153016,24.510672163581013],[88.88451501646381,24.51622636412546],[88.96173778086529,24.548758110171487],[88.96312918202568,24.583670227879423],[89.06331006557356,24.53447588020006],[89.03965624584698,24.467825473666725],[89.10713920212575,24.40831618211911],[89.08487678355957,24.337698489482598],[89.19062327174899,24.35277417667466],[89.2441922164239,24.305166743436565],[89.2866299518157,24.32341625951117]]]}},{"type":"Feature","properties":{"district_name":"Bagerhat","division_name":"Khulna"},"geometry":{"type":"MultiPolygon","coordinates":[[[[89.88771525310297,22.16521261938417],[89.88910665426336,22.158071504398457],[89.89119375600393,22.150136932192108],[89.89049805542373,22.14696310330957],[89.88771525310297,22.16521261938417]]],[[[89.57743279433663,22.668264497266716],[89.6115221227661,22.773794307611162],[89.65395985815792,22.754751334315923],[89.71100730573379,22.82536902695243],[89.69500619238934,22.874563374631798],[89.74927083764445,22.964224040563543],[89.78753436955509,22.982473556638148],[89.80075268057877,22.94121378116513],[89.94406700009864,22.856313858557193],[89.91415187515032,22.79997839589211],[89.9385013954571,22.78490270870005],[89.90441206702761,22.77220739316989],[89.93084868907496,22.723013045490525],[89.8619743316358,22.696828957209572],[89.9371099942967,22.68016635557624],[89.88980235484355,22.66429721116354],[89.96215521518369,22.594472975747667],[89.92319598269285,22.510366510360367],[89.9698079215658,22.50163848093338],[89.88214964846142,22.497671194830207],[89.94476270067884,22.466726363225444],[89.87171413975851,22.420705844428618],[89.90162926470684,22.37071803952862],[89.85780012815464,22.262014400301634],[89.88562815136238,22.177114477693696],[89.87658404381988,22.096975298409568],[89.8174494945034,22.066030466804808],[89.84179901481019,22.119985557807983],[89.8077096863807,22.219961167607984],[89.83692911074883,22.12315938669052],[89.80075268057877,22.072378124569887],[89.7311826225594,22.198537822650838],[89.76179344808793,22.260427485860365],[89.72979122139903,22.19695090820957],[89.74161813126231,22.136648159441314],[89.71379010805457,22.130300501676235],[89.71379010805457,22.198537822650838],[89.70752880283283,22.20329856597465],[89.69222339006856,22.19695090820957],[89.73744392778114,22.280263916376235],[89.70335459935167,22.278677001934966],[89.71448580863476,22.35008815179211],[89.70126749761108,22.312002205201633],[89.64422005003522,22.368337667866715],[89.6998760964507,22.276296630273063],[89.73466112546038,22.277090087493697],[89.69431049180915,22.21440696706354],[89.68665778542702,22.21837425316671],[89.67413517498353,22.20805930929846],[89.67830937846469,22.223928453711157],[89.67691797730431,22.23900414090322],[89.63795874481346,22.249319084771475],[89.66369966628064,22.25011254199211],[89.67343947440334,22.254079828095286],[89.67552657614392,22.257253656977824],[89.67413517498353,22.258840571419093],[89.65187275641733,22.262014400301634],[89.66439536686082,22.26915551528735],[89.66926527092218,22.275503173052428],[89.64282864887483,22.287405031361953],[89.64561145119559,22.282644288038142],[89.66230826512025,22.27788354471433],[89.6657867680212,22.271535886949252],[89.65256845699753,22.263601314742903],[89.65187275641733,22.26280785752227],[89.65187275641733,22.260427485860365],[89.67483087556373,22.257253656977824],[89.66509106744101,22.250905999212744],[89.63865444539366,22.25169945643338],[89.63656734365308,22.24852562755084],[89.67622227672412,22.238210683682585],[89.67274377382314,22.20805930929846],[89.67413517498353,22.207265852077825],[89.6776136778845,22.20805930929846],[89.68735348600721,22.217580795946077],[89.69222339006856,22.21440696706354],[89.6894405877478,22.192983622106397],[89.70961590457341,22.199331279871473],[89.70961590457341,22.188222878782586],[89.69570189296954,22.19060325044449],[89.6894405877478,22.178701392134965],[89.70474600051205,22.071584667349253],[89.68526638426663,22.066823924025442],[89.6776136778845,22.14220235998576],[89.65813406163907,22.13902853110322],[89.66161256454005,22.149343474971474],[89.60665221870475,22.178701392134965],[89.61987052972843,22.198537822650838],[89.60456511696418,22.211233138180997],[89.60317371580379,22.2294826542556],[89.61569632624727,22.215200424284173],[89.61987052972843,22.213613509842904],[89.62195763146902,22.215200424284173],[89.61500062566708,22.241384512565126],[89.60526081754436,22.247732170330206],[89.62474043378978,22.276296630273063],[89.61500062566708,22.30010034689211],[89.63656734365308,22.342947036806397],[89.62891463727095,22.365957296204808],[89.53221225662404,22.608755205719095],[89.55656177693082,22.67857944113497],[89.57743279433663,22.668264497266716]]],[[[89.54473486706753,21.849416645571473],[89.60386941638399,21.801015755112743],[89.60526081754436,21.71849620416671],[89.54473486706753,21.745473749668296],[89.54473486706753,21.849416645571473]]],[[[89.61500062566708,21.947011883709568],[89.64630715177579,21.909719394339728],[89.62543613436998,21.8636988755429],[89.69709329412993,21.79387464012703],[89.6671781691816,21.754201779095283],[89.60943502102553,21.764516722963535],[89.61500062566708,21.801809212333378],[89.55586607635063,21.851797017233377],[89.6010866140632,21.89067642104449],[89.54890907054869,21.875600733852426],[89.57325859085546,21.935110025400043],[89.61500062566708,21.947011883709568]]],[[[89.54543056764771,21.881154934396868],[89.54334346590714,21.96050065646036],[89.5690843873743,21.933523110958774],[89.54543056764771,21.881154934396868]]],[[[89.71448580863476,21.97636980087306],[89.71100730573379,21.90178482213338],[89.74161813126231,21.839895158923852],[89.69083198890817,21.85497084611592],[89.71239870689418,21.888296049382582],[89.67274377382314,21.836721330041314],[89.69639759354973,22.00493426081592],[89.71448580863476,21.97636980087306]]],[[[89.57395429143565,21.941457683165122],[89.5482133699685,21.96208757090163],[89.56838868679411,22.03746600686195],[89.60734791928495,22.016042661904805],[89.56143168099217,21.975576343652424],[89.57395429143565,21.941457683165122]]],[[[89.76040204692754,22.030324891876234],[89.74231383184251,22.05174823683338],[89.74996653822464,22.054128608495283],[89.7527493405454,22.065237009584173],[89.77014185505026,22.077138867893694],[89.776403160272,22.08904072620322],[89.81953659624399,22.054128608495283],[89.79796987825799,22.04222675018576],[89.82092799740438,22.052541694054014],[89.82579790146573,22.036672549641313],[89.8397119130696,22.020803405228616],[89.80353548289955,21.988271659182583],[89.84319041597058,21.95573991313655],[89.80631828522031,21.92320816709052],[89.84527751771115,21.892263335485758],[89.83832051190922,21.853383931674646],[89.77849026201257,21.833547501158773],[89.81327529102225,21.88908950660322],[89.78336016607393,21.869253076087347],[89.78823007013528,21.908925937119093],[89.78127306433335,21.920827795428615],[89.77222895679083,21.909719394339728],[89.77362035795122,21.93590348262068],[89.77083755563044,21.908925937119093],[89.78127306433335,21.919240880987346],[89.78336016607393,21.886709134941313],[89.74787943648406,21.893850249927027],[89.78405586665411,21.885122220500044],[89.77292465737102,21.85259047445401],[89.71657291037535,21.904958651015917],[89.7318783231396,21.948598798150837],[89.77014185505026,21.953359541474647],[89.71518150921496,21.96050065646036],[89.74857513706425,21.97319597199052],[89.76040204692754,22.030324891876234]]],[[[89.63656734365308,22.097768755630206],[89.64908995409657,22.09856221285084],[89.64630715177579,22.07079121012862],[89.6664824686014,22.054922065715918],[89.65465555873811,22.004140803595284],[89.64004584655405,21.99223894528576],[89.62821893669076,22.004140803595284],[89.62056623030863,21.999380060271474],[89.62543613436998,21.978750172534966],[89.6449157506154,21.982717458638138],[89.6449157506154,21.965261399784172],[89.62613183495017,21.948598798150837],[89.58647690187914,21.95018571259211],[89.56282308215256,21.97478288643179],[89.63865444539366,22.03270526353814],[89.63239314017191,22.0636500951429],[89.6344802419125,22.030324891876234],[89.5690843873743,22.03905292130322],[89.6010866140632,22.065237009584173],[89.57186718969507,22.048574407950838],[89.59691241058205,22.091421097865126],[89.59691241058205,22.086660354541316],[89.59969521290282,22.085073440100047],[89.63656734365308,22.097768755630206]]],[[[89.76944615447006,22.078725782334967],[89.75066223880482,22.066030466804808],[89.74996653822464,22.056508980157187],[89.73883532894153,22.05174823683338],[89.75831494518695,22.031911806317506],[89.72770411965844,21.969228685887344],[89.69778899471011,22.00890154691909],[89.70474600051205,22.03429217797941],[89.6776136778845,22.05174823683338],[89.71100730573379,22.073965039011156],[89.71309440747437,22.128713587234966],[89.75483644228599,22.132680873338142],[89.77362035795122,22.08904072620322],[89.76944615447006,22.078725782334967]]],[[[89.61847912856804,22.166799533825444],[89.65813406163907,22.13744161666195],[89.67552657614392,22.141408902765125],[89.67274377382314,22.048574407950838],[89.6991803958705,22.03270526353814],[89.6574383610589,21.902578279354014],[89.62821893669076,21.944631512047664],[89.6449157506154,21.959707199239727],[89.64839425351637,21.98113054419687],[89.64213294829463,21.98589128752068],[89.62613183495017,21.98113054419687],[89.6233490326294,22.000173517492108],[89.63935014597385,21.99065203084449],[89.65535125931831,22.00255388915401],[89.66787386976179,22.055715522936552],[89.64908995409657,22.10014912729211],[89.62891463727095,22.10173604173338],[89.62752323611056,22.096975298409568],[89.62195763146902,22.096975298409568],[89.59830381174243,22.08745381176195],[89.60386941638399,22.125539758352428],[89.61430492508688,22.14855001775084],[89.6122178233463,22.161245333281],[89.61847912856804,22.166799533825444]]],[[[89.61987052972843,22.27788354471433],[89.60386941638399,22.24693871310957],[89.6129135239265,22.241384512565126],[89.62056623030863,22.215200424284173],[89.60386941638399,22.23106956869687],[89.60039091348301,22.22630882537306],[89.60317371580379,22.20964622373973],[89.61778342798786,22.198537822650838],[89.60526081754436,22.180288306576237],[89.60456511696418,22.12792013001433],[89.55377897461004,22.20964622373973],[89.59343390768107,22.227895739814333],[89.6129135239265,22.297719975230205],[89.61987052972843,22.27788354471433]]],[[[89.8501474217725,21.87322036219052],[89.84666891887154,21.895437164368296],[89.8091010875411,21.924001624311156],[89.84527751771115,21.95653337035719],[89.80492688405992,21.989065116403218],[89.84179901481019,22.00493426081592],[89.84110331423,22.024770691331792],[89.82649360204593,22.041433292965124],[89.83136350610728,22.050161322392107],[89.85640872699426,22.02794452021433],[89.87658404381988,21.910512851560362],[89.8501474217725,21.87322036219052]]]]}},{"type":"Feature","properties":{"district_name":"Rajshahi","division_name":"Rajshahi"},"geometry":{"type":"Polygon","coordinates":[[[88.88451501646381,24.51622636412546],[88.928344153016,24.510672163581013],[88.89286342342614,24.477346960314346],[88.89355912400633,24.36388257776355],[88.86155689731741,24.36388257776355],[88.84694718513336,24.319448973407994],[88.9179086443131,24.25121165243339],[88.87407950776091,24.23454905080006],[88.86086119673723,24.166311729825456],[88.90121183038845,24.152029499854027],[88.86086119673723,24.111563181601646],[88.78711693523671,24.13298652655879],[88.7335479905618,24.194082732547677],[88.70432856619367,24.313101315642914],[88.56727555189553,24.326590088393708],[88.55475294145205,24.293264885127044],[88.5269249182443,24.344839604468312],[88.43022253759739,24.383719008279424],[88.34534706681377,24.37657789329371],[88.29177812213887,24.416250754325457],[88.3307373546297,24.44798904315085],[88.30082222968139,24.564627254584188],[88.42256983121527,24.616201973925456],[88.43509244165875,24.666983236046093],[88.49074848807423,24.656668292177837],[88.51092380489985,24.682058923238156],[88.45526775848437,24.677298179914345],[88.5053582002583,24.71855795538736],[88.58118956349941,24.698721524871488],[88.57840676117863,24.67650472269371],[88.61597459250908,24.70506918263657],[88.63267140643373,24.6217561744699],[88.68067474646709,24.633658032779426],[88.72867808650044,24.501944134154027],[88.74815770274587,24.528921679655614],[88.88451501646381,24.51622636412546]],[[88.62223589773083,24.394033952147677],[88.5923207727825,24.415457297104822],[88.5491873368105,24.362295663322282],[88.65006392093856,24.350393805012757],[88.66815213602361,24.37499097885244],[88.62223589773083,24.394033952147677]]]}},{"type":"Feature","properties":{"district_name":"Kishoreganj","division_name":"Dhaka"},"geometry":{"type":"Polygon","coordinates":[[[91.23389587577756,24.56859454068736],[91.15041180615434,24.478933874755615],[91.2192861635935,24.485281532520695],[91.24224428273989,24.427359155414344],[91.21719906185291,24.432119898738154],[91.11980098062581,24.36388257776355],[91.05023092260646,24.378958264955614],[90.99179207387019,24.35277417667466],[91.03909971332335,24.290091056244503],[91.04257821622433,24.213125705842916],[90.98553076864845,24.152029499854027],[91.05370942550742,24.08458563610006],[90.98622646922864,24.030630545096884],[90.96535545182283,24.050466975612757],[90.84569495202953,24.111563181601646],[90.87074017291651,24.140127641544503],[90.80395291721793,24.184561245900056],[90.77055928936863,24.250418195212756],[90.68290101626424,24.244070537447676],[90.64950738841495,24.258352767419105],[90.61820086230624,24.338491946703233],[90.64602888551399,24.416250754325457],[90.57367602517384,24.482107703638157],[90.60428685070237,24.49877030527149],[90.67803111220289,24.46703201644609],[90.70307633308985,24.517813278566727],[90.72186024875508,24.470999302549266],[90.74273126616089,24.50987870636038],[90.79351740851502,24.50749833469847],[90.81995403056237,24.5876375139826],[91.01822869591754,24.603506658395297],[91.03075130636104,24.62969074667625],[91.10519126844174,24.60033282951276],[91.13023648932872,24.64238606220641],[91.19493664328672,24.631277661117522],[91.23389587577756,24.56859454068736]]]}},{"type":"Feature","properties":{"district_name":"Sylhet","division_name":"Sylhet"},"geometry":{"type":"MultiPolygon","coordinates":[[[[91.9031598339238,24.66380940716355],[91.78697783703147,24.644766433868313],[91.73688739525753,24.597952457850855],[91.66105603201643,24.625723460573077],[91.6318366076483,24.630484203896884],[91.64922912215313,24.67491780825244],[91.67775284594107,24.758230816419108],[91.63601081112945,24.77965416137625],[91.67427434304011,24.785208361920695],[91.65757752911546,24.847098025130222],[91.69931956392708,24.870108284528634],[91.67705714536088,24.889944715044507],[91.70349376740823,24.976431552093715],[91.85515649389043,25.026419356993713],[91.84889518866869,25.17400240003181],[92.05830106330697,25.185904258341335],[92.05064835692484,25.13988373954451],[92.12021841494419,25.08910247742387],[92.07291077549104,25.020071699228634],[92.04856125518425,25.036734300861966],[91.95881588033929,24.97246426599054],[92.00960202269341,24.916922260546094],[91.93933626409387,24.8875643433826],[91.91916094726825,24.84392419624768],[91.96716428730161,24.80821862131911],[91.96090298207986,24.7376009286826],[92.03116874067942,24.699514982092126],[92.02908163893883,24.652701006074665],[91.9031598339238,24.66380940716355]]],[[[92.2510101240206,24.835989624041332],[92.19396267644471,24.768545760287363],[92.07986778129296,24.76616538862546],[92.0986516969582,24.870901741749268],[92.06873657200987,24.865347541204823],[92.0652580691089,24.90025965891276],[92.01934183081613,24.8875643433826],[92.0214289325567,24.936758691061968],[92.06873657200987,24.985953038741332],[92.15361204279348,25.00499601203657],[92.1737873596191,25.05498381693657],[92.22039929849207,25.04863615917149],[92.227356304294,25.093863220747682],[92.42493526906898,25.02959318587625],[92.42076106558783,24.96611660822546],[92.46180739981925,24.968496979887362],[92.44928478937577,24.93913906272387],[92.48754832128641,24.946280177709586],[92.49659242882893,24.901846573354028],[92.48754832128641,24.871695198969903],[92.39989004818202,24.849478396792126],[92.30040486521433,24.915335346104825],[92.24614021995923,24.908987688339746],[92.2510101240206,24.835989624041332]]],[[[91.33685956164621,22.845205457468303],[91.33129395700466,22.845205457468303],[91.32990255584428,22.846792371909572],[91.32920685526409,22.848379286350845],[91.33198965758486,22.820608283628623],[91.33129395700466,22.81743445474608],[91.3278154541037,22.797598024230208],[91.38416720109937,22.756338248757192],[91.29859602973556,22.745229847668302],[91.25894109666453,22.696828957209572],[91.19284954154614,22.732534532138146],[91.28189921581092,22.642873866206397],[91.17197852414033,22.706350443857193],[91.19424094270653,22.748403676550843],[91.26102819840511,22.73491490380005],[91.23459157635776,22.865041887984177],[91.25894109666453,22.887258690161953],[91.34103376512738,22.913442778442906],[91.33685956164621,22.845205457468303]]],[[[91.31807564598098,22.65001498119211],[91.28746482045247,22.710317729960366],[91.3382509628066,22.731741074917508],[91.31807564598098,22.65001498119211]]]]}},{"type":"Feature","properties":{"district_name":"Rajbari","division_name":"Dhaka"},"geometry":{"type":"Polygon","coordinates":[[[89.86475713395657,23.718801857387355],[89.7214428144367,23.672781338590532],[89.74161813126231,23.583120672658783],[89.65465555873811,23.609304760939736],[89.56421448331295,23.60375056039529],[89.54612626822791,23.56011041326037],[89.49742722761437,23.57915338655561],[89.43968407945829,23.655325279736562],[89.41116035567036,23.681509368017515],[89.36663551853796,23.664053309163545],[89.298456861679,23.736257916241325],[89.35550430925487,23.886221330941325],[89.3854194342032,23.907644675898467],[89.46264219860468,23.842581183806406],[89.57186718969507,23.808462523319104],[89.73257402371979,23.83544006882069],[89.77083755563044,23.833059697158784],[89.86475713395657,23.718801857387355]]]}},{"type":"Feature","properties":{"district_name":"Thakurgaon","division_name":"Rangpur"},"geometry":{"type":"MultiPolygon","coordinates":[[[[88.3216932470872,26.20470332963658],[88.55614434261243,26.180106155796896],[88.63823701107528,26.107901548719116],[88.62641010121199,26.056326829377845],[88.54570883390953,26.019034340008005],[88.50187969735734,25.919058730208004],[88.44552795036165,25.90556995745721],[88.44831075268243,25.95238393347467],[88.34604276739397,25.97301382121118],[88.25977589544996,25.813528919863558],[88.1470724014586,25.776236430493718],[88.08585075040156,25.915884901325466],[88.13941969507647,26.012686682242926],[88.18255313104848,26.026968912214354],[88.17698752640693,26.148367866971498],[88.3216932470872,26.20470332963658]]],[[[89.28036864659396,25.3009555553334],[89.2212340972775,25.332693844158797],[89.24627931816448,25.352530274674667],[89.20175448103208,25.393790050147686],[89.13775002765428,25.412039566222287],[89.14818553635718,25.434256368400064],[89.14540273403641,25.490591831065146],[89.24836641990505,25.52074320544927],[89.37776672782107,25.501700232154036],[89.40837755334958,25.466788114446096],[89.34367739939158,25.369192876308002],[89.34228599823119,25.304129384215937],[89.28036864659396,25.3009555553334]]]]}},{"type":"Feature","properties":{"district_name":"Chattogram","division_name":"Chattogram"},"geometry":{"type":"MultiPolygon","coordinates":[[[[91.88855012173973,22.142995817206394],[91.87741891245663,22.150930389412743],[91.90455123508418,22.154104218295284],[91.90802973798515,22.15965841883973],[91.91916094726825,22.179494849355603],[91.92820505481076,22.168386448266713],[91.93794486293348,22.175527563252427],[91.94211906641463,22.179494849355603],[91.99707941224993,22.14220235998576],[91.94281476699483,22.181875221017506],[91.96229438324025,22.22630882537306],[91.93724916235328,22.255666742536555],[91.8377639793856,22.253286370874648],[91.8043703515363,22.302480718554015],[91.8808974153576,22.33897975070322],[91.88924582231992,22.391347927265127],[91.91150824088612,22.413564729442903],[91.98246970006586,22.411184357781],[91.94838037163638,22.425466587752428],[91.91150824088612,22.420705844428618],[91.89342002580109,22.405630157236555],[91.8913329240605,22.43022733107624],[91.85585219447063,22.463552534342906],[91.87950601419722,22.477834764314334],[91.85446079331024,22.463552534342906],[91.88020171477741,22.429433873855604],[91.87811461303683,22.40483670001592],[91.84611238634793,22.402456328354017],[91.81689296197979,22.466726363225444],[91.77167242426721,22.45958524823973],[91.79532624399378,22.39214138448576],[91.74801860454062,22.366750753425443],[91.69027545638455,22.51433379646354],[91.45443295969893,22.757131705977827],[91.45025875621776,22.777761593714335],[91.447475953897,22.78490270870005],[91.46556416898203,22.848379286350845],[91.46556416898203,22.854726944115924],[91.45860716318009,22.90233437735402],[91.49756639567093,22.903127834574654],[91.576876261813,22.965810955004812],[91.60609568618113,22.972158612769892],[91.61931399720481,22.938833409503225],[91.64505491867197,22.98485392830005],[91.71323357553095,22.988821214403224],[91.71671207843191,22.887258690161953],[91.79323914225321,22.768240107066717],[91.81202305791844,22.793630738127035],[91.88715872057935,22.76585973540481],[91.88368021767837,22.696828957209572],[91.92750935423057,22.688894385003223],[91.9344663600325,22.657156096177825],[91.98107829890547,22.48338896485878],[92.0214289325567,22.50957305313973],[92.00612351979245,22.58653840354132],[92.03534294416058,22.62224397846989],[92.10143449927897,22.576223459673063],[92.14248083351039,22.43657498884132],[92.0993473975384,22.40007595669211],[92.14595933641137,22.347707780130207],[92.1730916590389,22.11284444282227],[92.14108943235,22.091421097865126],[92.21413799327033,21.97478288643179],[92.15917764743504,21.944631512047664],[92.1744830601993,21.909719394339728],[92.12995822306691,21.90178482213338],[92.11882701378381,21.93431656817941],[92.06038816504754,21.908132479898455],[91.97203419136297,21.904165193795283],[91.91637814494747,21.858144674998456],[91.85028658982908,22.135061245000045],[91.85515649389043,22.144582731647663],[91.8600263979518,22.1295070444556],[91.90455123508418,22.120779015028617],[91.90733403740495,22.125539758352428],[91.90385553450399,22.135061245000045],[91.88855012173973,22.142995817206394]]],[[[91.88576731941896,22.12792013001433],[91.88994152290012,22.13902853110322],[91.90524693566438,22.127126672793697],[91.88576731941896,22.12792013001433]]],[[[91.33198965758486,22.56590851580481],[91.31111864017905,22.60320100517465],[91.35355637557086,22.600027176292112],[91.33198965758486,22.56590851580481]]],[[[91.31807564598098,22.65001498119211],[91.3382509628066,22.731741074917508],[91.41060382314673,22.67857944113497],[91.38903710516074,22.6270047217937],[91.31807564598098,22.65001498119211]]],[[[91.39877691328344,22.422292758869887],[91.40503821850518,22.382619897838143],[91.35494777673125,22.37071803952862],[91.39877691328344,22.422292758869887]]],[[[91.52956862235983,22.390554470044492],[91.4801738811661,22.40007595669211],[91.43634474461389,22.474660935431793],[91.43286624171293,22.603994462395285],[91.47599967768494,22.5952664329683],[91.5664407531101,22.468313277666713],[91.56852785485069,22.40959744333973],[91.52956862235983,22.390554470044492]]]]}},{"type":"Feature","properties":{"district_name":"Rangamati","division_name":"Chattogram"},"geometry":{"type":"Polygon","coordinates":[[[92.18074436542103,23.10228559695402],[92.19813687992588,22.972158612769892],[92.31918878087956,23.121328570249258],[92.38458463541777,23.069753850907986],[92.37136632439409,22.93645303784132],[92.44928478937577,22.894399805147668],[92.47363430968254,22.746023304888936],[92.51259354217338,22.73332798935878],[92.52859465551784,22.665884125604812],[92.5216376497159,22.560354315260366],[92.6092959228203,22.164419162163536],[92.60581741991932,22.12315938669052],[92.56268398394732,22.12792013001433],[92.60233891701836,22.06206318070163],[92.61416582688165,21.851797017233377],[92.52302905087629,22.027151062993696],[92.46389450155984,22.254079828095286],[92.36023511511098,22.341360122365128],[92.14595933641137,22.347707780130207],[92.0993473975384,22.40007595669211],[92.14248083351039,22.43657498884132],[92.10143449927897,22.576223459673063],[92.09517319405722,22.648428066750842],[92.00473211863206,22.70476352941592],[92.12578401958575,22.75792516319846],[92.17657016193988,22.82536902695243],[92.11743561262342,22.957876382798464],[92.07986778129296,23.054678163715923],[92.07360647607122,23.072927679790528],[92.18074436542103,23.10228559695402]]]}},{"type":"Feature","properties":{"district_name":"Maulvibazar","division_name":"Sylhet"},"geometry":{"type":"Polygon","coordinates":[[[91.64505491867197,24.174246302031804],[91.61305269198307,24.250418195212756],[91.61166129082268,24.4717927597699],[91.64992482273333,24.405142353236567],[91.78767353761167,24.402761981574663],[91.78767353761167,24.46544510200482],[91.83428547648464,24.475760045873074],[91.73688739525753,24.597952457850855],[91.78697783703147,24.644766433868313],[91.9031598339238,24.66380940716355],[92.02908163893883,24.652701006074665],[92.03116874067942,24.699514982092126],[92.08056348187316,24.72331869871117],[92.07986778129296,24.76616538862546],[92.19396267644471,24.768545760287363],[92.2510101240206,24.835989624041332],[92.29553496115298,24.736807471461965],[92.22387780139304,24.517813278566727],[92.15500344395387,24.523367479111172],[92.1640475514964,24.41863112598736],[92.09030328999587,24.3718171499699],[91.96994708962238,24.38451246550006],[91.99568801108954,24.3218293450699],[91.9567287785987,24.356741462777837],[91.91985664784845,24.337698489482598],[91.94072766525424,24.267874254066726],[91.9017684327634,24.13695381266196],[91.84541668576773,24.225027564152438],[91.8161972613996,24.209951876960375],[91.74523580221985,24.247244366330218],[91.75914981382373,24.14171455598577],[91.68818835464398,24.16234444372228],[91.66523023549759,24.233755593579424],[91.64505491867197,24.174246302031804]]]}},{"type":"Feature","properties":{"district_name":"Cumilla","division_name":"Chattogram"},"geometry":{"type":"Polygon","coordinates":[[[90.63002777216953,23.62120661924926],[90.63976758029224,23.6743682530318],[90.72186024875508,23.661672937501642],[90.7413398650005,23.692617769106405],[90.78377760039231,23.68547665412069],[90.79908301315658,23.74657286010958],[90.87074017291651,23.718801857387355],[90.90135099844503,23.766409290625454],[91.03562121042239,23.79497375056831],[91.12745368700794,23.66802059526672],[91.15667311137608,23.66960750970799],[91.20050224792827,23.52123100944926],[91.16015161427704,23.526785209993704],[91.11214827424368,23.460928260681005],[91.05997073072916,23.460928260681005],[91.13649779455046,23.351431164233386],[91.10310416670117,23.326833990393702],[91.11701817830505,23.26653124162545],[91.19841514618768,23.226858380593704],[91.22206896591427,23.25542284053656],[91.19076243980555,23.353018078674655],[91.29094332335343,23.351431164233386],[91.32016274772157,23.36015919366037],[91.28955192219306,23.318899418187353],[91.37164459065589,23.069753850907986],[91.25894109666453,23.054678163715923],[91.14623760267317,23.080862251996876],[91.13023648932872,23.174490204031798],[91.08640735277652,23.169729460707988],[91.07736324523401,23.218923808387352],[91.02657710287987,23.218923808387352],[90.87700147813825,23.454580602915925],[90.84012934738799,23.475210490652433],[90.79421310909521,23.433950715179417],[90.77125498994883,23.44902640237148],[90.75177537370341,23.415701199104817],[90.68777092032559,23.492666549506403],[90.7093376383116,23.51805718056672],[90.63002777216953,23.62120661924926]]]}},{"type":"Feature","properties":{"district_name":"Tangail","division_name":"Dhaka"},"geometry":{"type":"Polygon","coordinates":[[[89.76318484924832,24.340872318365136],[89.73396542488018,24.518606735787362],[89.78892577071548,24.572561826790537],[89.89954216296626,24.68126546601752],[89.88006254672084,24.741568214785776],[89.93571859313633,24.757437359198473],[89.9816348314291,24.724905613152444],[90.07555440975524,24.787588733582602],[90.0901641219393,24.736807471461965],[90.13260185733111,24.73442709980006],[90.12425345036878,24.596365543409583],[90.17434389214273,24.517813278566727],[90.24321824958189,24.48131424641752],[90.2098246217326,24.458303987019107],[90.24878385422343,24.415457297104822],[90.22860853739782,24.348013433350854],[90.29052588903505,24.277395740714343],[90.29817859541718,24.252005109654025],[90.22582573507705,24.163137900942914],[90.22999993855821,24.105215523836566],[90.17364819156253,24.108389352719104],[90.14721156951518,24.03380437397942],[90.0247682674011,24.021109058449262],[90.01711556101897,24.044119317847677],[90.00737575289627,24.011587571801645],[89.97189502330639,24.03618474564133],[89.85571302641407,23.96398013856355],[89.76388054982851,23.979055825755612],[89.7854472678145,24.03539128842069],[89.82510220088554,24.08458563610006],[89.82092799740438,24.140127641544503],[89.77988166317296,24.166311729825456],[89.76318484924832,24.340872318365136]]]}},{"type":"Feature","properties":{"district_name":"Khulna","division_name":"Khulna"},"geometry":{"type":"MultiPolygon","coordinates":[[[[89.5148197421192,22.927725008414335],[89.56073598041198,22.984060471079417],[89.6122178233463,22.956289468357195],[89.65187275641733,22.983267013858782],[89.74927083764445,22.964224040563543],[89.69500619238934,22.874563374631798],[89.71100730573379,22.82536902695243],[89.65395985815792,22.754751334315923],[89.6115221227661,22.773794307611162],[89.57743279433663,22.668264497266716],[89.55656177693082,22.67857944113497],[89.53221225662404,22.608755205719095],[89.62891463727095,22.365957296204808],[89.57812849491681,22.240591055344492],[89.50368853283611,22.372304953969888],[89.57325859085546,22.244558341447664],[89.52734235256268,22.19695090820957],[89.53499505894482,22.24217796978576],[89.52455955024192,22.197744365430204],[89.58369409955837,22.124746301131793],[89.53221225662404,21.994619316947663],[89.50994983805785,22.016836119125443],[89.55030047170908,22.112050985601634],[89.53916926242597,22.15172384663338],[89.54403916648734,22.09856221285084],[89.51621114327959,22.103322956174647],[89.47586050962836,22.23265648313814],[89.49673152703417,22.274709715831793],[89.48629601833126,22.302480718554015],[89.51621114327959,22.302480718554015],[89.48560031775106,22.30327417577465],[89.492557323553,22.266775143625445],[89.4605550968641,22.33421900737941],[89.4612507974443,22.342947036806397],[89.48420891659069,22.336599379041317],[89.49742722761437,22.344533951247666],[89.48977452123223,22.37071803952862],[89.46890350382643,22.373098411190522],[89.47794761136895,22.404043242795286],[89.46333789918488,22.405630157236555],[89.46820780324623,22.372304953969888],[89.48907882065204,22.369924582307984],[89.48629601833126,22.33897975070322],[89.46333789918488,22.344533951247666],[89.45777229454333,22.342947036806397],[89.45638089338294,22.33897975070322],[89.47377340788778,22.305654547436554],[89.43342277423655,22.357229266777825],[89.44872818700081,22.40642361445719],[89.42437866669404,22.411184357781],[89.42229156495345,22.354055437895283],[89.38820223652397,22.39848904225084],[89.42298726553365,22.35008815179211],[89.42159586437326,22.324697520731792],[89.39863774522688,22.33421900737941],[89.40072484696745,22.35008815179211],[89.38402803304281,22.350881609012745],[89.38402803304281,22.373098411190522],[89.36454841679739,22.374685325631795],[89.36524411737759,22.392934841706396],[89.3624613150568,22.373891868411157],[89.38263663188242,22.372304953969888],[89.38263663188242,22.35008815179211],[89.40002914638725,22.347707780130207],[89.3958549429061,22.335012464600048],[89.41603025973171,22.321523691849254],[89.4055947510288,22.305654547436554],[89.4188130620525,22.29057886024449],[89.36176561447661,22.321523691849254],[89.4271614690148,22.282644288038142],[89.39028933826455,22.29057886024449],[89.41394315799113,22.258840571419093],[89.34576450113215,22.263601314742903],[89.41185605625056,22.258047114198458],[89.40907325392978,22.241384512565126],[89.4188130620525,22.227102282593698],[89.38959363768436,22.24217796978576],[89.40211624812784,22.208852766519094],[89.36524411737759,22.21440696706354],[89.42924857075539,22.166799533825444],[89.37915812898144,22.138235073882583],[89.36037421331622,22.19060325044449],[89.37637532666068,22.138235073882583],[89.40489905044862,22.130300501676235],[89.38194093130222,22.120779015028617],[89.37985382956164,22.10014912729211],[89.35202580635391,22.136648159441314],[89.33254619010847,22.1295070444556],[89.3408945970708,22.15331076107465],[89.33741609416984,22.179494849355603],[89.32419778314616,22.19060325044449],[89.33185048952829,22.216787338725442],[89.30541386748094,22.21440696706354],[89.31445797502344,22.283437745258777],[89.28176004775435,22.287405031361953],[89.26367183266932,22.377859154514333],[89.24001801294273,22.373098411190522],[89.24140941410312,22.437368446061953],[89.28523855065532,22.4770413070937],[89.23445240830118,22.551626285833382],[89.26506323382971,22.5952664329683],[89.24558361758429,22.640493494544494],[89.25949762918816,22.65794955339846],[89.2873256523959,22.62065706402862],[89.26019332976834,22.718252302166714],[89.30054396341957,22.68334018445878],[89.33185048952829,22.729360703255605],[89.24697501874466,22.835683970820686],[89.28871705355628,22.86186805910164],[89.35272150693409,22.83489051360005],[89.3408945970708,22.92058389342862],[89.3958549429061,22.93327920895878],[89.43829267829791,23.007864187698463],[89.48560031775106,22.949148353371477],[89.4605550968641,22.917410064546083],[89.48142611426991,22.887258690161953],[89.51273264037862,22.848379286350845],[89.54056066358636,22.80077185311275],[89.58230269839798,22.776174679273065],[89.53082085546366,22.869009174087353],[89.51829824502016,22.894399805147668],[89.5148197421192,22.927725008414335]]],[[[89.38402803304281,21.87322036219052],[89.40142054754764,21.850210102792108],[89.45568519280275,21.84227553058576],[89.46333789918488,21.81847181396671],[89.41533455915152,21.816091442304806],[89.47307770730758,21.808156870098458],[89.39794204464668,21.72167003304925],[89.36037421331622,21.751821407433376],[89.39446354174571,21.798635383450836],[89.36106991389642,21.754995236315917],[89.34854730345293,21.80577649843655],[89.38402803304281,21.87322036219052]]],[[[89.33602469300945,21.789907354023853],[89.31097947212248,21.85259047445401],[89.3638527162172,21.883535306058775],[89.33602469300945,21.789907354023853]]],[[[89.40350764928823,21.92162125264925],[89.42020446321287,21.89067642104449],[89.4501195881612,21.874013819411154],[89.42020446321287,21.862905418322267],[89.4181173614723,21.855764303336553],[89.42368296611384,21.847829731130204],[89.38194093130222,21.878774562734964],[89.40350764928823,21.92162125264925]]],[[[89.41533455915152,21.98589128752068],[89.43133567249598,21.946218426488933],[89.45707659396314,21.93431656817941],[89.44594538468003,21.908132479898455],[89.47099060556701,21.902578279354014],[89.45638089338294,21.85259047445401],[89.42229156495345,21.851003560012742],[89.45151098932159,21.874807276631792],[89.41950876263267,21.893850249927027],[89.40837755334958,21.93114273929687],[89.39376784116551,21.928762367634963],[89.38889793710416,21.931936196517505],[89.40002914638725,21.93907731150322],[89.39724634406649,21.944631512047664],[89.3742882249201,21.953359541474647],[89.38054953014183,21.963674485342903],[89.38820223652397,21.958913742019092],[89.40211624812784,21.964467942563537],[89.40350764928823,21.970022143107983],[89.40072484696745,21.98113054419687],[89.41533455915152,21.98589128752068]]],[[[89.48907882065204,21.997793145830205],[89.50229713167572,21.96843522866671],[89.46542500092545,21.996206231388932],[89.50716703573707,21.93431656817941],[89.45568519280275,21.94939225537147],[89.5043842334163,21.91527359488417],[89.45359809106216,21.908925937119093],[89.4605550968641,21.93907731150322],[89.42159586437326,21.970022143107983],[89.4389883788781,21.989858573623856],[89.44246688177907,22.06206318070163],[89.47099060556701,22.046194036288934],[89.48907882065204,21.997793145830205]]],[[[89.39028933826455,22.055715522936552],[89.4271614690148,22.02635760577306],[89.43272707365635,21.989065116403218],[89.41185605625056,21.988271659182583],[89.4174216608921,22.019216490787347],[89.39933344580706,21.982717458638138],[89.39307214058532,21.988271659182583],[89.3951592423259,21.994619316947663],[89.3854194342032,22.000173517492108],[89.384723733623,22.005727718036553],[89.38402803304281,21.999380060271474],[89.39307214058532,21.995412774168297],[89.39168073942494,21.985097830300045],[89.40002914638725,21.9795436297556],[89.40211624812784,21.970815600328617],[89.40002914638725,21.964467942563537],[89.39237644000512,21.961294113680996],[89.37985382956164,21.965261399784172],[89.3728968237597,21.95573991313655],[89.37567962608048,21.95018571259211],[89.39794204464668,21.939870768723853],[89.38889793710416,21.935110025400043],[89.38750653594377,21.930349282076236],[89.39168073942494,21.927175453193694],[89.3854194342032,21.92320816709052],[89.3624613150568,21.959707199239727],[89.35341720751428,22.031911806317506],[89.39028933826455,22.055715522936552]]],[[[89.49603582645398,22.030324891876234],[89.47864331194913,22.050161322392107],[89.5155154426994,22.0795192395556],[89.49603582645398,22.030324891876234]]],[[[89.47307770730758,22.048574407950838],[89.44455398351965,22.06444355236354],[89.51273264037862,22.080312696776236],[89.47307770730758,22.048574407950838]]],[[[89.30750096922151,22.107290242277823],[89.34228599823119,22.05809589459846],[89.30680526864131,22.077138867893694],[89.2991525622592,22.09856221285084],[89.26228043150893,22.089834183423854],[89.30750096922151,22.107290242277823]]],[[[89.44316258235926,22.15965841883973],[89.48560031775106,22.089834183423854],[89.4501195881612,22.075551953452425],[89.43829267829791,22.09380146952703],[89.4188130620525,22.10173604173338],[89.42994427133559,22.13902853110322],[89.41324745741093,22.11046407116036],[89.4174216608921,22.100942584512744],[89.43550987597713,22.09380146952703],[89.44872818700081,22.07475849623179],[89.427857169595,22.05333515127465],[89.4271614690148,22.028737977434965],[89.37707102724087,22.066030466804808],[89.39168073942494,22.08427998287941],[89.38333233246261,22.116018271704807],[89.40837755334958,22.127126672793697],[89.4174216608921,22.158864961619095],[89.44316258235926,22.15965841883973]]],[[[89.33324189068867,22.124746301131793],[89.34924300403313,22.131887416117507],[89.34854730345293,22.11284444282227],[89.384723733623,22.090627640644488],[89.34298169881139,22.03111834909687],[89.34715590229254,21.972402514769886],[89.28941275413648,22.061269723480997],[89.30471816690074,22.072378124569887],[89.33324189068867,22.054922065715918],[89.34437309997178,22.056508980157187],[89.34437309997178,22.06444355236354],[89.31863217850461,22.108083699498458],[89.27828154485339,22.117605186146076],[89.32350208256597,22.18425559267941],[89.33393759126886,22.174734106031792],[89.33741609416984,22.15172384663338],[89.32558918430655,22.132680873338142],[89.33324189068867,22.124746301131793]]],[[[89.45777229454333,22.223928453711157],[89.47099060556701,22.161245333281],[89.43411847481674,22.183462135458775],[89.46194649802449,22.14855001775084],[89.39446354174571,22.20171165153338],[89.45777229454333,22.24693871310957],[89.45777229454333,22.223928453711157]]],[[[89.45707659396314,22.25169945643338],[89.41463885857132,22.238210683682585],[89.43411847481674,22.278677001934966],[89.40976895450997,22.304067632995284],[89.42577006785442,22.327077892393696],[89.42298726553365,22.34691432290957],[89.47864331194913,22.272329344169886],[89.45707659396314,22.25169945643338]]]]}},{"type":"Feature","properties":{"district_name":"Patuakhali","division_name":"Barishal"},"geometry":{"type":"MultiPolygon","coordinates":[[[[90.14721156951518,21.97478288643179],[90.16042988053886,21.98747820196195],[90.19104070606737,21.98430437307941],[90.17851809562389,22.02159686244925],[90.21052032231279,22.03111834909687],[90.18686650258621,22.065237009584173],[90.20008481360989,22.09221455508576],[90.2209558310157,22.03429217797941],[90.27661187743118,22.03111834909687],[90.3719228569177,22.197744365430204],[90.33365932500706,22.263601314742903],[90.28704738613409,22.235036854800047],[90.24600105190267,22.262014400301634],[90.22513003449686,22.216787338725442],[90.15903847937847,22.249319084771475],[90.13816746197266,22.342947036806397],[90.1757352933031,22.324697520731792],[90.2306956391384,22.45323759047465],[90.33644212732783,22.468313277666713],[90.36427015053557,22.504018852595287],[90.426883202753,22.460378705460364],[90.45749402828152,22.53575714142068],[90.53958669674437,22.563528144142904],[90.60567825186276,22.50005156649211],[90.60776535360333,22.404043242795286],[90.61750516172604,22.475454392652427],[90.63211487391011,22.46275907712227],[90.63420197565068,22.45958524823973],[90.6446374843536,22.45165067603338],[90.63976758029224,22.418325472766714],[90.6223750657874,22.44688993270957],[90.65855149595747,22.365957296204808],[90.66063859769804,22.355642352336556],[90.66063859769804,22.31755640574608],[90.61750516172604,22.27391625861116],[90.61541805998546,22.324697520731792],[90.50341026657429,22.166799533825444],[90.48393065032887,22.20647239485719],[90.49506185961197,22.150136932192108],[90.43175310681436,22.077932325114332],[90.38653256910177,22.105703327836554],[90.4366230108757,22.191396707665124],[90.39975088012545,22.173147191590523],[90.3072227029597,21.981924001417504],[90.27174197336983,22.02159686244925],[90.25643656060556,21.953359541474647],[90.22721713623744,21.980337086976235],[90.21399882521376,21.98589128752068],[90.17295249098234,21.977163258093697],[90.15903847937847,21.98430437307941],[90.14721156951518,21.97478288643179]]],[[[90.5465437025463,22.592886061306398],[90.55419640892842,22.592886061306398],[90.5569792112492,22.588918775203222],[90.5465437025463,22.592886061306398]]],[[[90.66202999885843,22.40959744333973],[90.66063859769804,22.40801052889846],[90.66272569943862,22.416738558325445],[90.66202999885843,22.40959744333973]]],[[[90.57506742633423,22.57066925912862],[90.58619863561734,22.547658999730206],[90.5576749118294,22.588125317982588],[90.57437172575403,22.571462716349256],[90.57506742633423,22.57066925912862]]],[[[90.58759003677771,21.98430437307941],[90.60150404838159,21.967641771446075],[90.57715452807481,21.88274184883814],[90.51732427817817,21.891469878265124],[90.51941137991875,21.944631512047664],[90.58759003677771,21.98430437307941]]],[[[90.58341583329656,22.14061544554449],[90.5785459292352,22.05174823683338],[90.50410596715449,21.958913742019092],[90.48532205148926,22.073965039011156],[90.58550293503714,22.185049049900044],[90.58341583329656,22.14061544554449]]],[[[90.6216793652072,22.24376488422703],[90.58689433619752,22.18901633600322],[90.5889814379381,22.240591055344492],[90.6216793652072,22.24376488422703]]],[[[90.54097809790474,21.853383931674646],[90.47766934510713,21.819265271187344],[90.49784466193275,21.858144674998456],[90.54097809790474,21.853383931674646]]],[[[90.55280500776804,21.8636988755429],[90.50341026657429,21.866079247204805],[90.52706408630087,21.886709134941313],[90.55280500776804,21.8636988755429]]],[[[90.48462635090907,21.98747820196195],[90.46445103408345,21.919240880987346],[90.38653256910177,21.862905418322267],[90.35522604299305,21.91527359488417],[90.37470565923847,21.868459618866712],[90.31348400818145,21.85417738889528],[90.35592174357325,21.978750172534966],[90.41923049637087,22.03270526353814],[90.46584243524384,22.054128608495283],[90.48462635090907,21.98747820196195]]],[[[90.39905517954526,22.054922065715918],[90.34270343254957,22.00255388915401],[90.36566155169596,22.061269723480997],[90.42410040043222,22.078725782334967],[90.39905517954526,22.054922065715918]]],[[[90.30026569715777,21.953359541474647],[90.21956442985531,21.806569955657185],[90.08529421787794,21.839101701703218],[90.11799214514704,21.899404450471472],[90.19660631070892,21.933523110958774],[90.11938354630743,21.90337173657465],[90.11729644456685,21.92479508153179],[90.14651586893498,21.928762367634963],[90.13677606081227,21.95653337035719],[90.15903847937847,21.98113054419687],[90.17434389214273,21.97478288643179],[90.2098246217326,21.983510915858776],[90.22304293275627,21.980337086976235],[90.254349458865,21.950979169812744],[90.29470009251622,21.99065203084449],[90.30026569715777,21.953359541474647]]]]}},{"type":"Feature","properties":{"district_name":"Noakhali","division_name":"Chattogram"},"geometry":{"type":"Polygon","coordinates":[[[90.9806608645871,23.133230428558782],[91.07945034697458,23.07134076534926],[91.13997629745143,23.074514594231797],[91.12814938758814,23.035635190420685],[91.17476132646111,23.021352960449256],[91.21441625953214,22.937246495061956],[91.17754412878188,22.884084861279415],[91.13510639339007,22.792837280906397],[91.19424094270653,22.748403676550843],[91.17197852414033,22.706350443857193],[91.15876021311665,22.67857944113497],[91.13301929164949,22.723013045490525],[90.98135656516729,22.748403676550843],[90.89021978916193,22.811086796981],[90.98622646922864,22.8769437462937],[90.99874907967212,22.977712813314337],[90.88743698684115,23.024526789331798],[90.96187694892187,23.130850056896875],[90.9806608645871,23.133230428558782]]]}},{"type":"Feature","properties":{"district_name":"Narsingdi","division_name":"Dhaka"},"geometry":{"type":"Polygon","coordinates":[[[90.73438285919856,23.762442004522278],[90.69681502786811,23.82036438162863],[90.64811598725456,23.80132140833339],[90.64533318493379,23.869558729307993],[90.6105481559241,23.83226623993815],[90.6105481559241,23.88542787372069],[90.57089322285307,23.894949360368308],[90.65785579537727,24.013174486242914],[90.63698477797146,24.074270692231803],[90.72603445223623,24.063955748363547],[90.7302086557174,24.1060089810572],[90.76847218762805,24.081411807217517],[90.79351740851502,24.10918280993974],[90.76568938530728,24.150442585412755],[90.80395291721793,24.184561245900056],[90.87074017291651,24.140127641544503],[90.84569495202953,24.111563181601646],[90.96535545182283,24.050466975612757],[90.87143587349671,24.02904363065561],[90.83247664100585,24.05126043283339],[90.82482393462374,23.997305341830216],[90.77612489401018,23.978262368534978],[90.74829687080243,23.887808245382594],[90.81230132418025,23.911611962001643],[90.84152074854838,23.871145643749262],[90.76429798414689,23.86241761432228],[90.73438285919856,23.762442004522278]]]}},{"type":"Feature","properties":{"district_name":"Sirajgonj","division_name":"Rajshahi"},"geometry":{"type":"Polygon","coordinates":[[[89.78892577071548,24.572561826790537],[89.73396542488018,24.518606735787362],[89.76318484924832,24.340872318365136],[89.77988166317296,24.166311729825456],[89.82092799740438,24.140127641544503],[89.82510220088554,24.08458563610006],[89.7854472678145,24.03539128842069],[89.7214428144367,24.013174486242914],[89.53290795720423,24.129812697676247],[89.52177674792114,24.19805001865085],[89.46959920440662,24.200430390312757],[89.4605550968641,24.26232005352228],[89.42437866669404,24.250418195212756],[89.4181173614723,24.3218293450699],[89.31863217850461,24.35277417667466],[89.28523855065532,24.42021804042863],[89.24697501874466,24.427359155414344],[89.33880749533023,24.559073054039743],[89.39376784116551,24.55193193905403],[89.41116035567036,24.47972733197625],[89.45429379164236,24.478933874755615],[89.43342277423655,24.42497878375244],[89.50925413747765,24.436880642061965],[89.50577563457668,24.409109639339743],[89.55169187286945,24.438467556503234],[89.60804361986514,24.424185326531806],[89.6017823146434,24.56224688292228],[89.6017823146434,24.60509357283657],[89.54960477112888,24.617788888366725],[89.55447467519024,24.704275725415933],[89.6240447332096,24.685232752120697],[89.67483087556373,24.782034533038157],[89.71518150921496,24.777273789714346],[89.77153325621063,24.773306503611174],[89.79031717187587,24.738394385903234],[89.76527195098889,24.613821602263553],[89.78892577071548,24.572561826790537]]]}},{"type":"Feature","properties":{"district_name":"Mymensingh","division_name":"Mymensingh"},"geometry":{"type":"Polygon","coordinates":[[[90.49645326077236,24.31548168730482],[90.44218861551725,24.340872318365136],[90.40253368244622,24.28294994125879],[90.29052588903505,24.277395740714343],[90.22860853739782,24.348013433350854],[90.24878385422343,24.415457297104822],[90.2098246217326,24.458303987019107],[90.24321824958189,24.48131424641752],[90.17434389214273,24.517813278566727],[90.12425345036878,24.596365543409583],[90.13260185733111,24.73442709980006],[90.0901641219393,24.736807471461965],[90.07555440975524,24.787588733582602],[90.15834277879827,24.79234947690641],[90.19521490954853,24.885183971720696],[90.23556554319975,24.88597742894133],[90.2320870402988,24.944693263268316],[90.25782796176595,24.946280177709586],[90.22652143565725,24.97087735154927],[90.23765264494034,25.052603445274666],[90.30513560121912,25.07878753355562],[90.2626978658273,25.098623964071493],[90.2640892669877,25.196219202209587],[90.44079721435688,25.144644482868316],[90.61402665882507,25.17400240003181],[90.60498255128256,25.026419356993713],[90.49923606309314,25.031180100317524],[90.4929747578714,25.003409097595302],[90.54445660080572,24.936758691061968],[90.5354124932632,24.89073817226514],[90.56811042053229,24.88597742894133],[90.55906631298978,24.843130739027046],[90.58828573735791,24.84233728180641],[90.56393621705114,24.811392450201648],[90.66968270524056,24.802664420774665],[90.71768604527392,24.769339217507998],[90.70446773425024,24.666983236046093],[90.79282170793482,24.578116027334982],[90.81995403056237,24.5876375139826],[90.79351740851502,24.50749833469847],[90.74273126616089,24.50987870636038],[90.72186024875508,24.470999302549266],[90.70307633308985,24.517813278566727],[90.67803111220289,24.46703201644609],[90.60428685070237,24.49877030527149],[90.57367602517384,24.482107703638157],[90.64602888551399,24.416250754325457],[90.61820086230624,24.338491946703233],[90.64950738841495,24.258352767419105],[90.54445660080572,24.266287339625457],[90.49645326077236,24.31548168730482]]]}},{"type":"Feature","properties":{"district_name":"Pirojpur","division_name":"Barishal"},"geometry":{"type":"MultiPolygon","coordinates":[[[[90.05120488944846,22.336599379041317],[90.01850696217936,22.23106956869687],[89.90719486934839,22.158864961619095],[89.88562815136238,22.177114477693696],[89.85780012815464,22.262014400301634],[89.90162926470684,22.37071803952862],[89.87171413975851,22.420705844428618],[89.94476270067884,22.466726363225444],[89.88214964846142,22.497671194830207],[89.9698079215658,22.50163848093338],[89.92319598269285,22.510366510360367],[89.96215521518369,22.594472975747667],[89.88980235484355,22.66429721116354],[89.9371099942967,22.68016635557624],[89.8619743316358,22.696828957209572],[89.93084868907496,22.723013045490525],[89.90441206702761,22.77220739316989],[89.9385013954571,22.78490270870005],[89.91415187515032,22.79997839589211],[89.94406700009864,22.856313858557193],[90.01850696217936,22.871389545749256],[90.02755106972188,22.81743445474608],[90.1771266944635,22.752370962654016],[90.09712112774123,22.655569181736556],[90.03172527320304,22.66429721116354],[90.02128976450014,22.51592071090481],[90.05120488944846,22.550832828612748],[90.06511890105233,22.528616026434968],[90.0790329126562,22.487356250961952],[90.13190615675092,22.491323537065128],[90.10059963064221,22.444509561047667],[90.06372749989194,22.465139448784175],[90.02755106972188,22.444509561047667],[90.01920266275955,22.371511496749253],[90.05120488944846,22.336599379041317]]],[[[89.88910665426336,22.158071504398457],[89.88771525310297,22.16521261938417],[89.89119375600393,22.158071504398457],[89.88910665426336,22.158071504398457]]]]}},{"type":"Feature","properties":{"district_name":"Shariatpur","division_name":"Dhaka"},"geometry":{"type":"Polygon","coordinates":[[[90.59663414432023,23.230032209476242],[90.60150404838159,23.226858380593704],[90.60219974896178,23.223684551711163],[90.60776535360333,23.21336960784291],[90.57158892343327,23.15227340185402],[90.556283510669,23.13481734300005],[90.49854036251294,23.06896039368735],[90.49784466193275,23.04912396317148],[90.41714339463029,23.007070730477828],[90.42131759811144,23.03960247652386],[90.34896473777131,23.057058535377827],[90.35383464183268,23.134023885779417],[90.39348957490371,23.214163065063545],[90.31278830760125,23.29906298767148],[90.4150562928897,23.32127978984926],[90.44010151377668,23.353018078674655],[90.40879498766796,23.36333302254291],[90.41644769405009,23.402212426354023],[90.53889099616417,23.379202166955608],[90.59037283909849,23.33556201982069],[90.49019195555061,23.3244536187318],[90.59663414432023,23.230032209476242]]]}},{"type":"Feature","properties":{"district_name":"Kushtia","division_name":"Khulna"},"geometry":{"type":"MultiPolygon","coordinates":[[[[89.51829824502016,22.894399805147668],[89.53082085546366,22.869009174087353],[89.51273264037862,22.848379286350845],[89.48142611426991,22.887258690161953],[89.51829824502016,22.894399805147668]]],[[[89.00695831857789,24.117910839366722],[89.0591358620924,23.998892256271485],[88.99513140871458,23.98699039796196],[88.92277854837445,24.021902515669897],[88.91999574605369,24.121084668249264],[89.00695831857789,24.117910839366722]]],[[[89.01739382728078,23.708486913519103],[88.98817440291265,23.786245721141327],[89.02504653366292,23.852102670454023],[89.09322519052189,23.88066713039688],[89.09879079516344,23.960012852460373],[89.17044795492338,23.95128482303339],[89.17740496072531,23.987783855182595],[89.21636419321615,23.98857731240323],[89.26506323382971,23.878286758734976],[89.27897724543358,23.9060577614572],[89.31097947212248,23.87511292985244],[89.35550430925487,23.886221330941325],[89.298456861679,23.736257916241325],[89.21566849263596,23.75926817563974],[89.11827041140886,23.694204683547675],[89.06400576615376,23.77117003394926],[89.07583267601704,23.726736429593707],[89.0375691441064,23.72276914349053],[89.0375691441064,23.691824311885767],[89.01739382728078,23.708486913519103]]]]}},{"type":"Feature","properties":{"district_name":"Bhola","division_name":"Barishal"},"geometry":{"type":"MultiPolygon","coordinates":[[[[90.97231245762477,22.420705844428618],[90.98970497212962,22.391347927265127],[90.99040067270981,22.391347927265127],[90.98970497212962,22.365163838984174],[90.95422424253974,22.37547878285243],[90.97231245762477,22.420705844428618]]],[[[90.95074573963878,22.46434599156354],[90.96744255356342,22.42784695941433],[90.93404892571412,22.429433873855604],[90.95074573963878,22.46434599156354]]],[[[90.84082504796818,22.569875801907983],[90.8936982920629,22.560354315260366],[90.93196182397354,22.496877737609573],[90.93404892571412,22.49370390872703],[90.84082504796818,22.569875801907983]]],[[[90.55419640892842,22.592886061306398],[90.54236949906513,22.604787919615923],[90.59245994083908,22.573049630790525],[90.5569792112492,22.588918775203222],[90.55419640892842,22.592886061306398]]],[[[90.52636838572069,22.642873866206397],[90.5249769845603,22.684133641679413],[90.56045771415016,22.699209328871476],[90.56811042053229,22.651601895633384],[90.5340210921028,22.676199069473064],[90.52636838572069,22.642873866206397]]],[[[90.6989021296087,22.67381869781116],[90.86447886769477,22.411184357781],[90.81021422243967,22.124746301131793],[90.6989021296087,22.007314632477822],[90.63002777216953,21.99382585972703],[90.59663414432023,22.03746600686195],[90.62307076636759,22.114431357263538],[90.61263525766469,22.16521261938417],[90.67733541162269,22.275503173052428],[90.67037840582076,22.5270291119937],[90.65716009479708,22.55638702915719],[90.6216793652072,22.566701973025445],[90.60567825186276,22.661916839501636],[90.6216793652072,22.558767400819097],[90.53332539152262,22.619863606807986],[90.5799373303956,22.65239535285402],[90.56324051647094,22.70555698663656],[90.55976201356998,22.76903356428735],[90.56045771415016,22.769827021507986],[90.58202443213617,22.803152224774653],[90.65646439421688,22.782522337038145],[90.6989021296087,22.67381869781116]]],[[[90.65646439421688,22.845205457468303],[90.67107410640095,22.811086796981],[90.60219974896178,22.813467168642905],[90.6439417837734,22.83647742804132],[90.65646439421688,22.845205457468303]]],[[[90.66063859769804,22.40801052889846],[90.66202999885843,22.40959744333973],[90.66272569943862,22.416738558325445],[90.66829130408017,22.437368446061953],[90.67316120814152,22.386587183941316],[90.66063859769804,22.40801052889846]]],[[[90.58619863561734,22.547658999730206],[90.57506742633423,22.57066925912862],[90.60706965302313,22.55480011471592],[90.58619863561734,22.547658999730206]]],[[[90.5896771385183,21.986684744741314],[90.58272013271636,22.022390319669885],[90.6223750657874,21.99065203084449],[90.5896771385183,21.986684744741314]]],[[[90.5785459292352,22.05174823683338],[90.58341583329656,22.14061544554449],[90.58550293503714,22.185049049900044],[90.60776535360333,22.108877156719092],[90.5785459292352,22.05174823683338]]],[[[90.58689433619752,22.18901633600322],[90.6216793652072,22.24376488422703],[90.62794067042894,22.202505108754014],[90.58689433619752,22.18901633600322]]],[[[90.62863637100914,22.552419743054017],[90.6543772924763,22.546072085288937],[90.6439417837734,22.528616026434968],[90.63072347274972,22.541311341965127],[90.64881168783475,22.490530079844493],[90.60219974896178,22.534170226979413],[90.62863637100914,22.552419743054017]]],[[[90.69542362670772,22.723013045490525],[90.70516343483044,22.752370962654016],[90.72116454817488,22.679372898355606],[90.69542362670772,22.723013045490525]]],[[[90.77195069052902,21.855764303336553],[90.82204113230296,21.928762367634963],[90.82969383868509,21.88432876327941],[90.77195069052902,21.855764303336553]]],[[[90.72881725455701,21.858144674998456],[90.71559894353334,21.899404450471472],[90.75594957718457,21.931936196517505],[90.72881725455701,21.858144674998456]]],[[[90.68220531568404,21.97636980087306],[90.68011821394346,21.930349282076236],[90.61402665882507,21.891469878265124],[90.63350627507049,21.975576343652424],[90.68220531568404,21.97636980087306]]],[[[90.86795737059573,21.977163258093697],[90.84917345493051,21.920827795428615],[90.83178094042567,21.965261399784172],[90.86795737059573,21.977163258093697]]],[[[90.8178669288218,21.944631512047664],[90.77890769633096,21.9136866804429],[90.82969383868509,21.997793145830205],[90.8178669288218,21.944631512047664]]],[[[90.99109637329,22.329458264055603],[90.98900927154942,22.20012473709211],[90.90969940540735,22.072378124569887],[90.969529655304,22.342947036806397],[90.99109637329,22.329458264055603]]],[[[90.88813268742135,22.361196552880998],[90.87074017291651,22.33421900737941],[90.88604558568076,22.396108670588937],[90.88813268742135,22.361196552880998]]],[[[90.88465418452039,22.516714168125446],[90.90552520192618,22.496084280388935],[90.86656596943534,22.49370390872703],[90.85265195783147,22.542898256406396],[90.88465418452039,22.516714168125446]]]]}},{"type":"Feature","properties":{"district_name":"Nawabganj","division_name":"Rajshahi"},"geometry":{"type":"Polygon","coordinates":[[[88.17420472408615,24.862173712322285],[88.13802829391608,24.935965233841333],[88.22499086644028,24.95976895046038],[88.25908019486977,24.878042856734982],[88.27647270937462,24.897879287250856],[88.33282445637029,24.870901741749268],[88.32447604940796,24.918509174987364],[88.39543750858772,24.96452969378419],[88.43439674107856,24.960562407681014],[88.4399623457201,24.92088954664927],[88.49283558981482,24.924856832752443],[88.47474737472979,24.844717653468315],[88.44970215384282,24.86138025510165],[88.38291489814424,24.820120479628635],[88.44761505210224,24.825674680173076],[88.41213432251236,24.768545760287363],[88.4949226915554,24.7717195891699],[88.4949226915554,24.74553550088895],[88.45526775848437,24.75029624421276],[88.5053582002583,24.71855795538736],[88.45526775848437,24.677298179914345],[88.51092380489985,24.682058923238156],[88.49074848807423,24.656668292177837],[88.43509244165875,24.666983236046093],[88.42256983121527,24.616201973925456],[88.30082222968139,24.564627254584188],[88.3307373546297,24.44798904315085],[88.29177812213887,24.416250754325457],[88.14081109623686,24.511465620801648],[88.00862798600008,24.667776693266728],[88.17420472408615,24.862173712322285]]]}},{"type":"Feature","properties":{"district_name":"Kurigram","division_name":"Rangpur"},"geometry":{"type":"Polygon","coordinates":[[[89.64978565467676,26.062674487142928],[89.63030603843134,26.107108091498482],[89.59691241058205,26.0983800620715],[89.63030603843134,26.118216492587372],[89.5913468059405,26.15709589639848],[89.60873932044534,26.18089961301753],[89.64908995409657,26.164237011384195],[89.6337845413323,26.230093960696895],[89.67900507904488,26.238028532903243],[89.70196319819128,26.173758498031816],[89.67413517498353,26.167410840266736],[89.74648803532367,26.15788935361912],[89.79449137535703,26.08727166098261],[89.77362035795122,26.038077313303244],[89.80144838115896,26.040457684965148],[89.79031717187587,26.01824088278737],[89.8084053869609,26.043631513847686],[89.82023229682419,25.98808950840324],[89.83553770958845,26.012686682242926],[89.87032273859812,25.981741850638166],[89.82510220088554,25.945242818488957],[89.88701955252277,25.945242818488957],[89.8174494945034,25.8167027487461],[89.83345060784787,25.717520596166732],[89.8091010875411,25.664358962384192],[89.79101287245605,25.69451033676832],[89.77083755563044,25.671500077369906],[89.79518707593722,25.471548857769907],[89.8188408956638,25.485831087741335],[89.83484200900826,25.442190940606416],[89.82579790146573,25.41521339510483],[89.76666335214928,25.432669453958795],[89.78057736375315,25.38823584960324],[89.74440093358308,25.373953619631813],[89.68665778542702,25.41521339510483],[89.70683310225263,25.466788114446096],[89.66996097150238,25.48662454496197],[89.69778899471011,25.53343852097943],[89.5363864601052,25.590567440865144],[89.53569075952501,25.64928327519213],[89.45916369570371,25.78655137436197],[89.45498949222255,25.824637320952448],[89.51899394560036,25.805594347657212],[89.53012515488346,25.865897096425464],[89.57117148911489,25.885733526941337],[89.48142611426991,25.997610995050863],[89.54056066358636,26.006339024477846],[89.54056066358636,25.96983999232864],[89.57812849491681,25.969046535108006],[89.60526081754436,26.06346794436356],[89.64978565467676,26.062674487142928]]]}},{"type":"Feature","properties":{"district_name":"Dinajpur","division_name":"Rangpur"},"geometry":{"type":"Polygon","coordinates":[[[88.9408667634595,25.734183197800068],[88.9394753622991,25.684988850120703],[88.99791421103536,25.658011304619116],[89.0160024261204,25.60246929917467],[89.1029649986446,25.56993755312864],[89.10435639980498,25.47392922943181],[89.14818553635718,25.434256368400064],[89.13775002765428,25.412039566222287],[89.20175448103208,25.393790050147686],[89.24627931816448,25.352530274674667],[89.2212340972775,25.332693844158797],[89.28036864659396,25.3009555553334],[89.25601912628719,25.285086410920698],[89.298456861679,25.22240329049054],[89.20453728335286,25.22875094825562],[89.00765401915807,25.267630352066732],[89.00904542031846,25.303335926995302],[88.88381931588361,25.326346186393714],[88.84138158049181,25.393790050147686],[88.96591198434646,25.404898451236573],[88.98400019943149,25.48821145940324],[88.94712806868124,25.55565532315721],[88.90190753096864,25.563589895363556],[88.8629482984778,25.51042826158102],[88.80520515032174,25.52312357711118],[88.70780706909464,25.500113317712763],[88.69945866213232,25.471548857769907],[88.60901758670715,25.5167759193461],[88.54014322926798,25.508047889919112],[88.49979259561675,25.584219783100068],[88.44413654920126,25.596915098630227],[88.45387635732398,25.664358962384192],[88.42743973527662,25.669913162928637],[88.3863934010452,25.839713008144514],[88.4086558196114,25.86827746808737],[88.48448718285249,25.865897096425464],[88.50187969735734,25.919058730208004],[88.54570883390953,26.019034340008005],[88.62641010121199,26.056326829377845],[88.66676073486322,26.014273596684195],[88.7349393917222,26.01506705390483],[88.7446791998449,25.938101703503243],[88.80103094684058,25.922232559090546],[88.82746756888794,25.813528919863558],[88.89773332748749,25.734976655020702],[88.9408667634595,25.734183197800068]]]}},{"type":"Feature","properties":{"district_name":"Sunamganj","division_name":"Sylhet"},"geometry":{"type":"Polygon","coordinates":[[[91.64922912215313,24.67491780825244],[91.57965906413378,24.67491780825244],[91.5761805612328,24.64555989108895],[91.48295668348686,24.67095052214927],[91.44191034925545,24.651114091633396],[91.42869203823177,24.682058923238156],[91.35355637557086,24.689993495444504],[91.29372612567421,24.59715900063022],[91.23389587577756,24.56859454068736],[91.19493664328672,24.631277661117522],[91.2408528815795,24.69237386710641],[91.22554746881524,24.727285984814348],[91.14136769861182,24.724112155931806],[91.17058712297995,24.82726159461435],[91.13023648932872,24.793142934127047],[91.0982342626398,24.889944715044507],[90.95352854195954,24.919302632207998],[90.97300815820496,24.95818203601911],[90.93404892571412,25.01769132756673],[90.96535545182283,25.035940843641335],[90.92778762049238,25.077994076334985],[90.97439955936535,25.07402679023181],[90.9472672367378,25.113699651263556],[90.96465975124265,25.171622028369903],[91.26798520420705,25.207327603298477],[91.47043407304338,25.13353608177943],[91.6095741890821,25.177176228914348],[91.63670651170965,25.123221137911173],[91.70349376740823,25.1509921406334],[91.73480029351694,25.065298760804826],[91.6861012529034,25.057364188598477],[91.66801303781837,25.020071699228634],[91.6965367616063,24.997854897050857],[91.66592593607778,24.999441811492126],[91.70349376740823,24.976431552093715],[91.67705714536088,24.889944715044507],[91.69931956392708,24.870108284528634],[91.65757752911546,24.847098025130222],[91.67427434304011,24.785208361920695],[91.63601081112945,24.77965416137625],[91.67775284594107,24.758230816419108],[91.64922912215313,24.67491780825244]],[[91.48504378522745,24.96294277934292],[91.46695557014242,25.015310955904823],[91.40782102082596,24.996267982609588],[91.39390700922209,24.949454006592127],[91.35494777673125,24.96452969378419],[91.33129395700466,24.92247646109054],[91.30068313147615,24.939932519944506],[91.30764013727809,24.985159581520698],[91.2721594076882,24.896292372809587],[91.38347150051918,24.835196166820698],[91.51426320959558,24.830435423496887],[91.49200079102938,24.891531629485776],[91.52956862235983,24.90819423111911],[91.48504378522745,24.96294277934292]]]}},{"type":"Feature","properties":{"district_name":"Cox's Bazar","division_name":"Chattogram"},"geometry":{"type":"MultiPolygon","coordinates":[[[[91.91637814494747,21.858144674998456],[91.97203419136297,21.904165193795283],[92.06038816504754,21.908132479898455],[92.08056348187316,21.809743784539727],[92.1083915050809,21.792287725685757],[92.1306539236471,21.800222297892105],[92.14804643815194,21.777212038493694],[92.17935296426066,21.791494268465122],[92.18978847296356,21.77641858127306],[92.18004866484084,21.847829731130204],[92.21205089152976,21.78673352514131],[92.18839707180317,21.774038209611156],[92.17657016193988,21.78911389680322],[92.15848194685485,21.73436534857941],[92.11604421146303,21.741506463565123],[92.09239039173646,21.688344829782583],[92.0986516969582,21.643911225427026],[92.1737873596191,21.600271078292106],[92.16891745555775,21.514577698463533],[92.23987891473749,21.47173100854925],[92.24405311821866,21.400319858692104],[92.20161538282684,21.390798372044486],[92.17865726368046,21.432058147517502],[92.12647972016595,21.40111331591274],[92.19257127528434,21.26701904562544],[92.17657016193988,21.184499494679404],[92.26492413562447,21.062307082701626],[92.26979403968582,20.91948478298734],[92.35119100756847,20.740956908344483],[92.0541268598258,21.167043435825438],[91.99986221457071,21.393972200927024],[92.06943227259006,21.424917032531788],[92.07917208071278,21.49315435350639],[92.0443870517031,21.52013189900798],[92.13413242654806,21.509816955139723],[92.08612908651472,21.551076730612742],[92.10143449927897,21.587575762761947],[92.00821062153302,21.5978907066302],[91.94559756931561,21.716115832504805],[91.99220950818858,21.612966393822266],[91.97759979600451,21.51219732680163],[91.9031598339238,21.50267584015401],[91.93794486293348,21.48839361018258],[91.91637814494747,21.46935063688734],[91.85585219447063,21.514577698463533],[91.89063722348031,21.545522530068297],[91.8593306973716,21.566152417804805],[91.90524693566438,21.698659773650835],[91.88228881651798,21.647085054309567],[91.85585219447063,21.68596445812068],[91.91637814494747,21.858144674998456]]],[[[91.8704619066547,21.92320816709052],[91.89481142696147,21.86052504666036],[91.83358977590444,21.720876575828616],[91.8704619066547,21.92320816709052]]],[[[91.86350490085276,21.600271078292106],[91.85098229040928,21.582021562217502],[91.86628770317354,21.622487880469883],[91.86350490085276,21.600271078292106]]]]}},{"type":"Feature","properties":{"district_name":"Chandpur","division_name":"Chattogram"},"geometry":{"type":"MultiPolygon","coordinates":[[[[90.79421310909521,23.433950715179417],[90.84012934738799,23.475210490652433],[90.87700147813825,23.454580602915925],[91.02657710287987,23.218923808387352],[90.9806608645871,23.133230428558782],[90.96187694892187,23.130850056896875],[90.90204669902522,23.162588345722273],[90.93265752455373,23.220510722828624],[90.87491437639767,23.243520982227036],[90.9145693094687,23.291921872685766],[90.80951852185947,23.333975105379416],[90.79421310909521,23.433950715179417]]],[[[90.59037283909849,23.33556201982069],[90.53889099616417,23.379202166955608],[90.57715452807481,23.49584037838894],[90.68777092032559,23.492666549506403],[90.75177537370341,23.415701199104817],[90.7309043562976,23.355398450336562],[90.70725053657101,23.372854509190528],[90.66689990291978,23.341909677585768],[90.66829130408017,23.336355477041323],[90.68150961510385,23.325247075952433],[90.67037840582076,23.320486332628626],[90.65507299305649,23.337148934261958],[90.63837617913185,23.337148934261958],[90.62654926926857,23.355398450336562],[90.59037283909849,23.33556201982069]]],[[[90.65507299305649,23.33318164815878],[90.67037840582076,23.318899418187353],[90.68290101626424,23.326040533173067],[90.76081948124592,23.26018358386037],[90.87421867581747,23.173696746811164],[90.78656040271308,23.0768949658937],[90.7309043562976,23.041982848185764],[90.69055372264637,23.063406193142907],[90.64672458609417,22.984060471079417],[90.63698477797146,23.22765183781434],[90.6655085017594,23.272878899390527],[90.63907187971205,23.333975105379416],[90.65507299305649,23.33318164815878]]],[[[90.60150404838159,23.01024455936037],[90.59732984490043,23.015005302684177],[90.59663414432023,23.01659221712545],[90.5896771385183,23.024526789331798],[90.59593844374004,23.020559503228622],[90.5896771385183,23.04118939096513],[90.59454704257965,23.046743591509575],[90.59872124606082,23.03484173320005],[90.60846105418352,23.029287532655605],[90.60150404838159,23.01024455936037]]],[[[90.56532761821153,23.045156677068306],[90.54863080428687,23.059438907039734],[90.57785022865501,23.08641645254132],[90.56532761821153,23.045156677068306]]],[[[90.60846105418352,23.2927153299064],[90.61889656288643,23.26494432718418],[90.58689433619752,23.283987300479417],[90.60846105418352,23.2927153299064]]],[[[90.59872124606082,23.110220169160367],[90.60915675476372,23.03325481875878],[90.59454704257965,23.048330505950844],[90.58411153387675,23.051504334833385],[90.59872124606082,23.110220169160367]]]]}},{"type":"Feature","properties":{"district_name":"Feni","division_name":"Chattogram"},"geometry":{"type":"MultiPolygon","coordinates":[[[[91.25894109666453,23.054678163715923],[91.37164459065589,23.069753850907986],[91.41686512836847,23.06419965036354],[91.43912754693467,23.01183147380164],[91.49130509044919,23.012624931022273],[91.50661050321345,22.983267013858782],[91.49756639567093,22.903127834574654],[91.45860716318009,22.90233437735402],[91.46556416898203,22.854726944115924],[91.40712532024577,22.813467168642905],[91.42382213417041,22.757131705977827],[91.40712532024577,22.765066278184175],[91.37651449471724,22.785696165920683],[91.34451226802834,22.788869994803225],[91.33546816048583,22.81902136918735],[91.33616386106603,22.821401740849257],[91.33685956164621,22.845205457468303],[91.34103376512738,22.913442778442906],[91.25894109666453,22.887258690161953],[91.25894109666453,23.054678163715923]]],[[[91.490609389869,23.157827602398463],[91.46069426492068,23.129263142455606],[91.44051894809506,23.176077118473067],[91.38486290167957,23.175283661252433],[91.40851672140616,23.285574214920686],[91.50313200031248,23.191946262885764],[91.490609389869,23.157827602398463]]],[[[91.46556416898203,22.848379286350845],[91.447475953897,22.78490270870005],[91.41756082894867,22.81267371142227],[91.46556416898203,22.848379286350845]]]]}},{"type":"Feature","properties":{"district_name":"Manikganj","division_name":"Dhaka"},"geometry":{"type":"Polygon","coordinates":[[[89.73257402371979,23.83544006882069],[89.68457068368643,23.925100734752437],[89.7214428144367,24.013174486242914],[89.7854472678145,24.03539128842069],[89.76388054982851,23.979055825755612],[89.85571302641407,23.96398013856355],[89.97189502330639,24.03618474564133],[90.00737575289627,24.011587571801645],[90.05677049409,23.99968571349212],[90.06929310453349,23.906851218677833],[90.15069007241614,23.828298953834977],[90.24600105190267,23.83861389770323],[90.21886872927512,23.74815977455085],[90.25574086002537,23.714834571284182],[90.15416857531712,23.747366317330215],[90.11451364224608,23.717214942946086],[90.05537909292963,23.72752988681434],[90.00737575289627,23.634695392000054],[89.89675936064548,23.6743682530318],[89.86475713395657,23.718801857387355],[89.77083755563044,23.833059697158784],[89.73257402371979,23.83544006882069]]]}},{"type":"Feature","properties":{"district_name":"Jamalpur","division_name":"Mymensingh"},"geometry":{"type":"Polygon","coordinates":[[[89.83414630842806,25.29460789756832],[89.79866557883818,25.295401354788954],[89.82092799740438,25.235892063241334],[89.78127306433335,25.225577119373078],[89.80423118347973,25.181143515017524],[89.776403160272,25.153372512295302],[89.84666891887154,25.15019868341276],[89.89675936064548,25.110525822381014],[89.92528308443342,25.062918389142922],[89.88214964846142,25.035147386420697],[89.90789056992858,24.955008207136572],[90.19521490954853,24.885183971720696],[90.15834277879827,24.79234947690641],[90.07555440975524,24.787588733582602],[89.9816348314291,24.724905613152444],[89.93571859313633,24.757437359198473],[89.88006254672084,24.741568214785776],[89.89954216296626,24.68126546601752],[89.78892577071548,24.572561826790537],[89.76527195098889,24.613821602263553],[89.79031717187587,24.738394385903234],[89.77153325621063,24.773306503611174],[89.71518150921496,24.777273789714346],[89.73048692197922,24.79869713467149],[89.66091686395986,24.888357800603238],[89.68596208484682,24.902640030574666],[89.64769855293618,25.04704924473022],[89.64908995409657,25.112112736822287],[89.70126749761108,25.23192477713816],[89.74857513706425,25.23668552046197],[89.7221385150169,25.356497560777843],[89.74440093358308,25.373953619631813],[89.78057736375315,25.38823584960324],[89.76666335214928,25.432669453958795],[89.82579790146573,25.41521339510483],[89.83414630842806,25.29460789756832]]]}},{"type":"Feature","properties":{"district_name":"Dhaka","division_name":"Dhaka"},"geometry":{"type":"Polygon","coordinates":[[[90.14721156951518,24.03380437397942],[90.1764309938833,24.000479170712754],[90.24600105190267,24.033010916758787],[90.25991506350654,23.971121253549263],[90.340616330809,23.955252109136566],[90.34409483370996,23.768789662287357],[90.33783352848822,23.750540146212753],[90.47279944104578,23.63231502033815],[90.43036170565397,23.6085113037191],[90.39070677258293,23.649771079192117],[90.34548623487035,23.637075763661958],[90.2863516855539,23.673574795811167],[90.24530535132247,23.63231502033815],[90.15834277879827,23.522024466669894],[90.12981905501033,23.564871156584182],[90.0463349853871,23.573599186011165],[90.04494358422671,23.62914119145561],[90.00737575289627,23.634695392000054],[90.05537909292963,23.72752988681434],[90.11451364224608,23.717214942946086],[90.15416857531712,23.747366317330215],[90.25574086002537,23.714834571284182],[90.21886872927512,23.74815977455085],[90.24600105190267,23.83861389770323],[90.15069007241614,23.828298953834977],[90.06929310453349,23.906851218677833],[90.05677049409,23.99968571349212],[90.00737575289627,24.011587571801645],[90.01711556101897,24.044119317847677],[90.0247682674011,24.021109058449262],[90.14721156951518,24.03380437397942]]]}},{"type":"Feature","properties":{"district_name":"Khagrachari","division_name":"Chattogram"},"geometry":{"type":"Polygon","coordinates":[[[92.07360647607122,23.647390707530214],[92.13691522886884,23.43077688629688],[92.04856125518425,23.365713394204814],[92.12508831900556,23.318899418187353],[92.18074436542103,23.10228559695402],[92.07360647607122,23.072927679790528],[91.99916651399052,23.267324698846085],[91.8927243252209,23.171316375149257],[91.95255457511755,23.09593793918894],[91.96646858672142,23.00548381603656],[92.07986778129296,23.054678163715923],[92.11743561262342,22.957876382798464],[91.9796868977451,22.83330359915878],[92.00125361573109,22.7269803315937],[91.92750935423057,22.688894385003223],[91.88368021767837,22.696828957209572],[91.88715872057935,22.76585973540481],[91.81202305791844,22.793630738127035],[91.79323914225321,22.768240107066717],[91.71671207843191,22.887258690161953],[91.71323357553095,22.988821214403224],[91.78071653180973,23.029287532655605],[91.77445522658799,23.069753850907986],[91.83567687764501,23.093557567527036],[91.76401971788508,23.309377931539736],[91.84472098518754,23.404592798015926],[91.94281476699483,23.43553762962069],[91.93655346177309,23.46648246122545],[91.96925138904218,23.476797405093706],[91.93377065945232,23.684683196900053],[91.9567287785987,23.73387754457942],[92.00821062153302,23.664053309163545],[92.07360647607122,23.647390707530214]]]}},{"type":"Feature","properties":{"district_name":"Nilphamari","division_name":"Rangpur"},"geometry":{"type":"Polygon","coordinates":[[[89.14192423113543,25.964285791784196],[89.09392089110207,25.936514789061974],[89.11618330966827,25.885733526941337],[89.09044238820111,25.827017692614355],[88.94851946984161,25.81035509098102],[88.9408667634595,25.734183197800068],[88.89773332748749,25.734976655020702],[88.82746756888794,25.813528919863558],[88.80103094684058,25.922232559090546],[88.7446791998449,25.938101703503243],[88.7349393917222,26.01506705390483],[88.77876852827438,26.062674487142928],[88.75789751086857,26.084891289320705],[88.79755244393961,26.20629024407785],[88.75928891202896,26.303885482215943],[88.81911916192561,26.294363995568325],[88.84416438281258,26.23088741791753],[88.87755801066187,26.233267789579436],[88.86155689731741,26.272940650611183],[88.89842902806768,26.28880979502388],[88.95686787680394,26.24040890456515],[89.01878522844117,26.24199581900642],[89.01948092902137,26.191214556885782],[89.09809509458324,26.145987495309594],[89.09322519052189,26.034110027200068],[89.14192423113543,25.964285791784196]]]}},{"type":"Feature","properties":{"district_name":"Gaibandha","division_name":"Rangpur"},"geometry":{"type":"Polygon","coordinates":[[[89.53569075952501,25.64928327519213],[89.5363864601052,25.590567440865144],[89.69778899471011,25.53343852097943],[89.66996097150238,25.48662454496197],[89.70683310225263,25.466788114446096],[89.68665778542702,25.41521339510483],[89.74440093358308,25.373953619631813],[89.7221385150169,25.356497560777843],[89.74857513706425,25.23668552046197],[89.70126749761108,25.23192477713816],[89.64908995409657,25.112112736822287],[89.60734791928495,25.099417421292127],[89.6129135239265,25.171622028369903],[89.56769298621391,25.23668552046197],[89.48907882065204,25.173208942811176],[89.53012515488346,25.046255787509587],[89.45290239048197,25.055777274157208],[89.41324745741093,25.082754819658795],[89.38889793710416,25.04704924473022],[89.33185048952829,25.123221137911173],[89.28036864659396,25.087515562982603],[89.18436196652725,25.184317343900062],[89.20453728335286,25.22875094825562],[89.298456861679,25.22240329049054],[89.25601912628719,25.285086410920698],[89.28036864659396,25.3009555553334],[89.34228599823119,25.304129384215937],[89.34367739939158,25.369192876308002],[89.40837755334958,25.466788114446096],[89.4501195881612,25.517569376566733],[89.40281194870803,25.53343852097943],[89.41255175683074,25.587393611982606],[89.49394872471339,25.576285210893715],[89.53569075952501,25.64928327519213]]]}},{"type":"Feature","properties":{"district_name":"Munshiganj","division_name":"Dhaka"},"geometry":{"type":"Polygon","coordinates":[[[90.51801997875836,23.57280572879053],[90.57645882749462,23.53392632497942],[90.56045771415016,23.589468330423863],[90.63002777216953,23.62120661924926],[90.7093376383116,23.51805718056672],[90.68777092032559,23.492666549506403],[90.57715452807481,23.49584037838894],[90.53889099616417,23.379202166955608],[90.41644769405009,23.402212426354023],[90.28148178149254,23.446646030709577],[90.18199659852485,23.498220750050848],[90.15834277879827,23.522024466669894],[90.24530535132247,23.63231502033815],[90.33644212732783,23.59819635985085],[90.36079164763461,23.504568407815928],[90.51801997875836,23.57280572879053]]]}},{"type":"Feature","properties":{"district_name":"Gopalganj","division_name":"Dhaka"},"geometry":{"type":"Polygon","coordinates":[[[90.13538465965189,23.049917420392113],[90.12634055210937,23.00548381603656],[90.0581618952504,22.971365155549258],[90.05677049409,22.932485751738145],[90.01850696217936,22.871389545749256],[89.94406700009864,22.856313858557193],[89.80075268057877,22.94121378116513],[89.79727417767779,22.995962329388938],[89.67274377382314,23.122915484690527],[89.73953102952173,23.130850056896875],[89.73257402371979,23.16814254626672],[89.7645762504087,23.180837861796878],[89.69083198890817,23.162588345722273],[89.6880491865874,23.21019577896037],[89.75135793938502,23.275259271052434],[89.73326972429999,23.29112841546513],[89.79031717187587,23.313345217642908],[89.82649360204593,23.347463878130213],[89.8835410496218,23.33556201982069],[89.92250028211265,23.3085844743191],[89.9607638140233,23.32921436205561],[89.95380680822136,23.36015919366037],[90.01850696217936,23.325247075952433],[90.0240725668209,23.287954586582593],[89.93641429371652,23.118154741366716],[90.01154995637742,23.138784629103228],[90.04216078190595,23.10545942583656],[90.10894803760453,23.11736128414608],[90.12077494746782,23.0269071609937],[90.13538465965189,23.049917420392113]]]}},{"type":"Feature","properties":{"district_name":"Jhenaidah","division_name":"Khulna"},"geometry":{"type":"Polygon","coordinates":[[[89.00695831857789,23.62120661924926],[89.01739382728078,23.708486913519103],[89.0375691441064,23.691824311885767],[89.0375691441064,23.72276914349053],[89.07583267601704,23.726736429593707],[89.06400576615376,23.77117003394926],[89.11827041140886,23.694204683547675],[89.21566849263596,23.75926817563974],[89.298456861679,23.736257916241325],[89.36663551853796,23.664053309163545],[89.33811179475003,23.56804498546672],[89.30541386748094,23.5402739827445],[89.30054396341957,23.451406774033387],[89.25671482686738,23.44109183016513],[89.25810622802777,23.370474137528625],[89.21358139089537,23.31810596096672],[89.13079302185234,23.2744658138318],[89.08000687949821,23.309377931539736],[89.0473089522291,23.29350878712704],[89.0702670713755,23.353018078674655],[89.0271336354035,23.3744414236318],[89.03339494062524,23.35063770701275],[88.96034637970492,23.32921436205561],[88.96521628376627,23.289541501023862],[88.89982042922807,23.278433099934972],[88.89008062110535,23.230825666696877],[88.81077075496329,23.256216297757195],[88.79129113871787,23.218130351166717],[88.71893827837773,23.254629383315926],[88.69598015923134,23.30223681655402],[88.7446791998449,23.30699755987783],[88.73215658940141,23.353018078674655],[88.76485451667051,23.370474137528625],[88.93460545823774,23.41332082744291],[88.94364956578026,23.499807664492117],[88.93530115881794,23.539480525523864],[88.97704319362956,23.545828183288943],[89.00695831857789,23.62120661924926]]]}},{"type":"Feature","properties":{"district_name":"Jhalokati","division_name":"Barishal"},"geometry":{"type":"Polygon","coordinates":[[[90.1771266944635,22.752370962654016],[90.19173640664756,22.78648962314132],[90.25574086002537,22.752370962654016],[90.27522047627079,22.688894385003223],[90.32252811572396,22.64604769508894],[90.37122715633751,22.650808438412746],[90.34409483370996,22.629385093455603],[90.38444546736119,22.5952664329683],[90.34618193545055,22.613515949042906],[90.3510518395119,22.566701973025445],[90.31139690644086,22.57860383133497],[90.19034500548717,22.479421678755603],[90.1882579037466,22.480215135976238],[90.15138577299633,22.511159967581],[90.13190615675092,22.491323537065128],[90.0790329126562,22.487356250961952],[90.06511890105233,22.528616026434968],[90.06303179931174,22.593679518527033],[90.11033943876491,22.60954866293973],[90.09712112774123,22.655569181736556],[90.1771266944635,22.752370962654016]]]}},{"type":"Feature","properties":{"district_name":"Sherpur","division_name":"Mymensingh"},"geometry":{"type":"Polygon","coordinates":[[[89.89675936064548,25.110525822381014],[89.88910665426336,25.21446871828419],[89.94824120357981,25.29381444034768],[90.2640892669877,25.196219202209587],[90.2626978658273,25.098623964071493],[90.30513560121912,25.07878753355562],[90.23765264494034,25.052603445274666],[90.22652143565725,24.97087735154927],[90.25782796176595,24.946280177709586],[90.2320870402988,24.944693263268316],[90.23556554319975,24.88597742894133],[90.19521490954853,24.885183971720696],[89.90789056992858,24.955008207136572],[89.88214964846142,25.035147386420697],[89.92528308443342,25.062918389142922],[89.89675936064548,25.110525822381014]]]}},{"type":"Feature","properties":{"district_name":"Narail","division_name":"Khulna"},"geometry":{"type":"Polygon","coordinates":[[[89.56073598041198,22.984060471079417],[89.50090573051533,23.03325481875878],[89.54334346590714,23.062612735922272],[89.51760254443998,23.10228559695402],[89.58230269839798,23.091970653085767],[89.6129135239265,23.15227340185402],[89.59552100942166,23.204641578415924],[89.48003471310952,23.28478075770005],[89.48073041368971,23.299856444892114],[89.52386384966172,23.277639642714337],[89.56004027983178,23.320486332628626],[89.61778342798786,23.304617188215925],[89.66926527092218,23.278433099934972],[89.63308884075211,23.237173324461956],[89.67065667208257,23.24431443944767],[89.6880491865874,23.21019577896037],[89.69083198890817,23.162588345722273],[89.7645762504087,23.180837861796878],[89.73257402371979,23.16814254626672],[89.73953102952173,23.130850056896875],[89.67274377382314,23.122915484690527],[89.79727417767779,22.995962329388938],[89.80075268057877,22.94121378116513],[89.78753436955509,22.982473556638148],[89.74927083764445,22.964224040563543],[89.65187275641733,22.983267013858782],[89.6122178233463,22.956289468357195],[89.56073598041198,22.984060471079417]]]}},{"type":"Feature","properties":{"district_name":"Gazipur","division_name":"Dhaka"},"geometry":{"type":"Polygon","coordinates":[[[90.54445660080572,24.266287339625457],[90.64950738841495,24.258352767419105],[90.68290101626424,24.244070537447676],[90.6766397110425,24.11553046770482],[90.70307633308985,24.106802438277835],[90.64046328087242,24.106802438277835],[90.63698477797146,24.074270692231803],[90.65785579537727,24.013174486242914],[90.57089322285307,23.894949360368308],[90.47140803988539,23.847341927130216],[90.4595811300221,23.879873673176245],[90.51315007469701,23.935415678620693],[90.4922790572912,24.027456716214342],[90.55350070834822,24.159964072060376],[90.54445660080572,24.266287339625457]]]}},{"type":"Feature","properties":{"district_name":"Madaripur","division_name":"Dhaka"},"geometry":{"type":"Polygon","coordinates":[[[90.0240725668209,23.287954586582593],[90.03381237494362,23.340322763144496],[90.09225122367988,23.31175830320164],[90.10546953470356,23.446646030709577],[90.18199659852485,23.498220750050848],[90.28148178149254,23.446646030709577],[90.2202601304355,23.41173391300164],[90.26478496756789,23.379202166955608],[90.23278274087899,23.36174610810164],[90.22791283681764,23.262563955522275],[90.29191729019544,23.14592574408894],[90.35383464183268,23.134023885779417],[90.34896473777131,23.057058535377827],[90.31557110992202,23.053091249274654],[90.31974531340319,22.98168009941751],[90.25643656060556,22.964224040563543],[90.2202601304355,23.06499310758418],[90.13538465965189,23.049917420392113],[90.12077494746782,23.0269071609937],[90.10894803760453,23.11736128414608],[90.04216078190595,23.10545942583656],[90.01154995637742,23.138784629103228],[89.93641429371652,23.118154741366716],[90.0240725668209,23.287954586582593]]]}},{"type":"Feature","properties":{"district_name":"Lakshmipur","division_name":"Chattogram"},"geometry":{"type":"MultiPolygon","coordinates":[[[[90.96187694892187,23.130850056896875],[90.88743698684115,23.024526789331798],[90.99874907967212,22.977712813314337],[90.98622646922864,22.8769437462937],[90.89021978916193,22.811086796981],[90.80743142011889,22.861074601881],[90.78308189981212,22.813467168642905],[90.73229575745799,22.907095120677827],[90.76777648704785,22.923757722311162],[90.75038397254302,22.98485392830005],[90.83038953926528,23.035635190420685],[90.78656040271308,23.0768949658937],[90.87421867581747,23.173696746811164],[90.90204669902522,23.162588345722273],[90.96187694892187,23.130850056896875]]],[[[90.83665084448702,22.68651401334132],[90.94587583557741,22.73332798935878],[91.00779318721465,22.707143901077828],[90.98831357096923,22.63970003732386],[91.01753299533736,22.568288887466714],[90.83665084448702,22.68651401334132]]],[[[90.97648666110594,22.522268368669888],[90.93196182397354,22.496877737609573],[90.8936982920629,22.560354315260366],[90.97648666110594,22.522268368669888]]],[[[90.68429241742463,22.903127834574654],[90.68916232148598,22.90392129179529],[90.69055372264637,22.90233437735402],[90.69124942322657,22.899160548471478],[90.68429241742463,22.903127834574654]]],[[[90.65646439421688,22.845205457468303],[90.6439417837734,22.83647742804132],[90.65159449015553,22.848379286350845],[90.65646439421688,22.845205457468303]]]]}},{"type":"Feature","properties":{"district_name":"Magura","division_name":"Khulna"},"geometry":{"type":"MultiPolygon","coordinates":[[[[89.42577006785442,23.2585966694191],[89.36872262027855,23.30223681655402],[89.34367739939158,23.283987300479417],[89.25810622802777,23.370474137528625],[89.25671482686738,23.44109183016513],[89.30054396341957,23.451406774033387],[89.30541386748094,23.5402739827445],[89.33811179475003,23.56804498546672],[89.45290239048197,23.541860897185767],[89.45777229454333,23.516470266125452],[89.50994983805785,23.52599175277307],[89.50716703573707,23.47759086231434],[89.48768741949165,23.43712454406196],[89.52664665198249,23.378408709734973],[89.48073041368971,23.299856444892114],[89.48003471310952,23.28478075770005],[89.42577006785442,23.2585966694191]]],[[[90.34409483370996,23.768789662287357],[90.36566155169596,23.775137320052437],[90.3823583656206,23.752920517874657],[90.33783352848822,23.750540146212753],[90.34409483370996,23.768789662287357]]],[[[90.29052588903505,24.277395740714343],[90.40253368244622,24.28294994125879],[90.44218861551725,24.340872318365136],[90.49645326077236,24.31548168730482],[90.54445660080572,24.266287339625457],[90.55350070834822,24.159964072060376],[90.4922790572912,24.027456716214342],[90.4602768306023,24.01872868678736],[90.41992619695107,24.066336120025454],[90.46097253118248,24.103628609395294],[90.45401552538056,24.169485558707994],[90.34826903719112,24.16234444372228],[90.29817859541718,24.252005109654025],[90.29052588903505,24.277395740714343]]]]}},{"type":"Feature","properties":{"district_name":"Meherpur","division_name":"Khulna"},"geometry":{"type":"Polygon","coordinates":[[[88.70293716503328,23.66802059526672],[88.63823701107528,23.61009821816037],[88.57979816233902,23.602957103174656],[88.56866695305592,23.7243560579318],[88.60066917974483,23.745779402888942],[88.63754131049508,23.66802059526672],[88.66536933370283,23.706899999077834],[88.70293716503328,23.66802059526672]]]}}]}
